selling_price,year,seller_type,owner,km_driven,ex_showroom_price,brand
175000,1.1917463236819628,1,0,-0.6567946858313599,-0.15015764042541574,0.9361589474997676
45000,0.7270291285296873,1,0,-0.5542479958660451,-0.15015764042541574,-0.2722191393015232
150000,0.9593877261058251,1,0,-0.4313854522283568,1.1036538449272977,0.9361589474997676
65000,0.2623119333774117,1,0,-0.21855269947015643,0.1308545858884183,1.9431406865008432
20000,-0.6671224569271395,1,1,-0.25724956360801104,-0.15015764042541574,1.9431406865008432
18000,-0.8994810545032773,1,0,0.49733928708015385,-0.4645276426345304,-0.2722191393015232
78500,0.9593877261058251,1,0,-0.3346432918837203,0.09884443086471761,-0.2722191393015232
180000,-1.364198249655553,1,1,0.09102221363268045,-0.15015764042541574,0.9361589474997676
30000,-0.8994810545032773,1,0,-0.04441681084981068,-0.15015764042541574,-0.4736154871017383
50000,0.49467053095354946,1,0,0.14906750983946238,-0.36029499127097275,-1.0778045305023836
35000,0.2623119333774117,1,0,-0.04441681084981068,-0.05100768259602679,1.9431406865008432
28000,0.49467053095354946,1,1,-0.4700823163662114,-0.5743670623156489,-0.2722191393015232
80000,0.9593877261058251,1,0,-0.253805542699742,0.23586919010338653,-1.0778045305023836
365000,1.1917463236819628,1,0,-0.6417609541138034,4.490441380038866,1.9431406865008432
185000,1.4241049212581007,1,0,-0.630674302538308,-0.15015764042541574,0.13057355629890707
25000,-0.4347638593510017,1,0,0.40059712673551734,-0.39037522010821335,1.1375552952999828
25000,-1.8289154448078284,1,0,-0.1411589711944472,-0.15015764042541574,-0.4736154871017383
40000,-0.8994810545032773,1,1,0.20711280604624427,0.6014071921957608,1.9431406865008432
150000,0.9593877261058251,1,0,-0.21855269947015643,1.1036538449272977,0.9361589474997676
120000,0.9593877261058251,1,0,0.09102221363268045,0.8468738383598358,1.9431406865008432
15000,-1.364198249655553,1,0,0.49733928708015385,-0.15015764042541574,-0.4736154871017383
26000,0.49467053095354946,1,0,-0.325936497452703,-0.6220495489569827,-0.2722191393015232
32000,-0.2024052617748639,1,1,-0.2631314869569649,-0.4638122389619633,-0.2722191393015232
180000,1.1917463236819628,1,0,-0.6248697729176298,-0.15015764042541574,0.13057355629890707
110000,0.49467053095354946,1,0,-0.2765979956769383,-0.15015764042541574,0.9361589474997676
25000,-0.4347638593510017,1,0,0.013628485356971231,-0.4264282377466538,-0.2722191393015232
80000,0.9593877261058251,1,0,-0.3692769852871001,-0.15015764042541574,1.3389516431001978
42000,0.7270291285296873,1,0,-0.19920426740122912,-0.6220495489569827,-0.2722191393015232
40000,-0.2024052617748639,1,2,0.013628485356971231,0.04946494016287578,1.9431406865008432
21000,-1.1318396520794152,1,0,-0.4700823163662114,-0.15015764042541574,-0.4736154871017383
55000,0.7270291285296873,1,0,-0.6151955568831662,-0.33570506968831704,-0.4736154871017383
38000,-0.2024052617748639,1,0,0.7875657681140634,-0.03902883040420532,1.9431406865008432
43000,0.49467053095354946,1,1,0.3038549663908808,-0.05703038328135925,-0.4736154871017383
65000,0.9593877261058251,1,0,-0.1411589711944472,-0.15015764042541574,-0.2722191393015232
62000,1.1917463236819628,1,0,-0.4700823163662114,-0.17849927196537113,-0.2722191393015232
60000,0.9593877261058251,1,0,-0.5377631317433191,-0.4029696522043368,-0.2722191393015232
45000,0.9593877261058251,1,0,-0.25724956360801104,-0.33570506968831704,-0.4736154871017383
120000,0.49467053095354946,1,0,-0.35399172395264755,2.005328669077237,-0.2722191393015232
30000,-0.6671224569271395,1,0,0.14906750983946238,-0.15015764042541574,-0.4736154871017383
90000,0.2623119333774117,1,2,-0.4120370201594295,-0.15015764042541574,0.9361589474997676
125000,0.7270291285296873,1,0,-0.41590670657321493,-0.15015764042541574,-1.0778045305023836
50000,0.9593877261058251,1,0,-0.2765979956769383,-0.17681890519957394,-0.4736154871017383
175000,0.7270291285296873,1,0,-0.5745638495384189,-0.15015764042541574,0.3319699040991222
28000,-0.4347638593510017,1,0,0.9036563605276272,-0.4163959490360033,-0.4736154871017383
85000,0.9593877261058251,1,0,-0.508779180504066,0.03766909821287381,1.9431406865008432
29900,0.49467053095354946,1,0,0.40059712673551734,-0.20011111779478236,-0.4736154871017383
25000,-0.6671224569271395,1,0,0.43929399087337195,-0.36029499127097275,-1.0778045305023836
30000,-1.1318396520794152,1,1,-0.1605074032633745,-0.05100768259602679,1.9431406865008432
60000,0.9593877261058251,1,0,-0.4120370201594295,-0.36492015920059273,1.9431406865008432
35000,-0.4347638593510017,1,1,-0.1024621070565926,-0.05100768259602679,1.9431406865008432
25000,-0.8994810545032773,1,0,0.16841594190838968,-0.6475046098646033,-1.0778045305023836
30000,0.2623119333774117,1,0,0.11037064570160776,-0.13916870726889063,-0.2722191393015232
90000,-0.8994810545032773,1,1,0.11037064570160776,-0.15015764042541574,0.9361589474997676
35000,0.2623119333774117,1,1,-0.19920426740122912,-0.5303614178054159,-0.4736154871017383
70000,1.1917463236819628,1,0,-0.6055213408487026,-0.37194109756857696,-0.2722191393015232
25000,-1.8289154448078284,1,0,0.7875657681140634,-0.15015764042541574,-0.4736154871017383
25000,-0.8994810545032773,1,0,0.14906750983946238,-0.15015764042541574,-1.0778045305023836
90000,0.0299533358012739,1,0,-0.4120370201594295,-0.15015764042541574,0.9361589474997676
25000,-0.2024052617748639,1,0,0.40059712673551734,-0.40310275056202366,-1.0778045305023836
42000,-0.6671224569271395,1,0,-0.21855269947015643,-0.15015764042541574,-1.0778045305023836
35000,0.2623119333774117,1,1,-0.19920426740122912,-0.49552292268086845,-0.4736154871017383
50000,0.0299533358012739,1,0,0.8843079284587,-0.02375579385963295,-0.4736154871017383
30000,0.2623119333774117,1,0,0.09102221363268045,-0.4520829461908048,-0.2722191393015232
48000,0.49467053095354946,1,0,-0.2765979956769383,-0.05100768259602679,1.9431406865008432
65000,0.49467053095354946,1,0,-0.0831136749876653,0.10619811512691912,-0.2722191393015232
85000,-0.2024052617748639,1,0,-0.25724956360801104,-0.15015764042541574,0.9361589474997676
45000,0.0299533358012739,1,0,0.12971907777053507,-0.05431850424348856,-0.4736154871017383
34000,0.0299533358012739,1,0,-0.508779180504066,-0.527067233452665,1.1375552952999828
90000,-1.364198249655553,1,0,0.3038549663908808,-0.15015764042541574,0.9361589474997676
35000,-0.4347638593510017,1,0,-0.505876915693727,-0.15015764042541574,1.3389516431001978
165000,0.7270291285296873,1,0,-0.626166117866248,1.892028692096259,0.7347625996995525
35000,-0.2024052617748639,1,0,0.4151084507872128,-0.15015764042541574,1.3389516431001978
65000,0.2623119333774117,1,0,-0.3567778981705731,0.17129984933052664,-1.0778045305023836
29500,-0.2024052617748639,1,0,-0.1411589711944472,-0.15015764042541574,-1.0778045305023836
165000,1.1917463236819628,1,0,-0.5919774384004534,1.3680204578829132,0.9361589474997676
95000,0.9593877261058251,1,0,-0.23910073432735723,-0.15015764042541574,1.1375552952999828
50000,-0.8994810545032773,1,0,0.2651581022530262,-0.15015764042541574,-0.4736154871017383
7500,-1.1318396520794152,1,1,-0.35399172395264755,-0.15015764042541574,-0.2722191393015232
25000,-1.364198249655553,1,0,0.38124869466659,-0.15015764042541574,-1.0778045305023836
35000,0.0299533358012739,1,1,0.013628485356971231,-0.15015764042541574,-0.4736154871017383
160000,0.9593877261058251,1,0,-0.3733401560215749,-0.15015764042541574,0.9361589474997676
50000,0.0299533358012739,1,0,-0.04441681084981068,-0.12449461333390933,-0.2722191393015232
62000,1.1917463236819628,1,0,-0.5958471248142388,-0.4029696522043368,-0.2722191393015232
30000,-0.2024052617748639,1,0,-0.4894307484351387,-0.4645276426345304,-0.2722191393015232
28000,0.2623119333774117,1,0,0.07167378156375315,-0.5346538398408186,-0.4736154871017383
25000,-1.1318396520794152,1,0,0.3038549663908808,-0.15015764042541574,-0.4736154871017383
30000,0.2623119333774117,1,1,-0.2765979956769383,-0.5101970166158498,-0.2722191393015232
140000,0.9593877261058251,1,0,-0.23790113153908374,1.1036538449272977,0.9361589474997676
30000,0.7270291285296873,1,0,-0.4810722257813621,-0.4662911958738819,1.3389516431001978
25000,0.0299533358012739,1,0,0.6908236077694269,-0.15015764042541574,-0.4736154871017383
22000,-0.8994810545032773,1,1,0.16841594190838968,-0.39037522010821335,1.1375552952999828
22989,-0.4347638593510017,1,0,9.010649397408168,-0.5242555306465291,-0.2722191393015232
42000,0.49467053095354946,1,0,-0.07316858090423665,-0.3348232930686413,-0.2722191393015232
30000,-0.8994810545032773,1,0,1.8517295319050653,-0.18179345631812202,1.1375552952999828
55000,0.2623119333774117,1,0,0.20711280604624427,-0.15015764042541574,-1.0778045305023836
45000,0.9593877261058251,1,0,-0.17985583533230182,-0.47747145791958195,-0.2722191393015232
150000,1.1917463236819628,1,0,-0.6151955568831662,0.8635111330706989,1.9431406865008432
42000,0.2623119333774117,1,0,-0.22300283884600972,-0.15015764042541574,-1.0778045305023836
30000,0.2623119333774117,1,0,-0.0831136749876653,-0.15015764042541574,-0.4736154871017383
24999,-0.4347638593510017,1,1,0.013628485356971231,-0.6475046098646033,-1.0778045305023836
160000,1.1917463236819628,1,0,-0.5410910620591746,-0.15015764042541574,0.9361589474997676
175000,1.4241049212581007,1,0,-0.6538924210210207,-0.15015764042541574,0.9361589474997676
40000,-0.2024052617748639,1,0,0.1761553147359606,-0.15015764042541574,-1.0778045305023836
85000,0.9593877261058251,1,0,-0.5280502188447176,-0.15015764042541574,-1.0778045305023836
150000,0.7270291285296873,1,0,-0.3443175079181839,1.6581915149350774,0.9361589474997676
80000,0.9593877261058251,1,0,-0.4217112361938931,-0.15015764042541574,1.1375552952999828
95000,0.9593877261058251,1,0,-0.4778216891937823,-0.15015764042541574,1.3389516431001978
42000,0.49467053095354946,1,0,0.013628485356971231,-0.268723321182382,-1.0778045305023836
40000,1.1917463236819628,1,0,-0.45073388429728406,-0.15015764042541574,1.3389516431001978
50000,0.2623119333774117,1,0,-0.2765979956769383,0.03766909821287381,1.9431406865008432
40000,0.9593877261058251,1,0,-0.4120370201594295,-0.15015764042541574,-0.4736154871017383
75000,1.1917463236819628,1,0,-0.5958471248142388,-0.15015764042541574,-1.480597226102814
120000,0.7270291285296873,1,0,-0.4894307484351387,0.8468738383598358,1.9431406865008432
30000,-1.364198249655553,1,0,-0.5184533965385296,-0.15015764042541574,-0.4736154871017383
17500,-0.2024052617748639,1,0,0.07167378156375315,-0.3883121955640663,-1.0778045305023836
7500,-2.293632639960104,1,0,1.6582452112157922,-0.15015764042541574,-0.4736154871017383
57000,0.9593877261058251,1,0,-0.5384790237298694,-0.34372424573895305,-0.2722191393015232
80000,0.9593877261058251,1,0,-0.2997580688634443,-0.15015764042541574,1.741744338700628
18000,-0.8994810545032773,1,0,-0.2765979956769383,-0.15015764042541574,1.3389516431001978
25000,-0.2024052617748639,1,0,-0.19920426740122912,-0.0971928127133829,-0.4736154871017383
83900,0.0299533358012739,1,1,-0.23790113153908374,-0.15015764042541574,0.9361589474997676
160000,0.9593877261058251,1,0,-0.5281276125729933,1.6428852038010833,1.540347990900413
135000,0.9593877261058251,1,0,-0.5455412014350278,1.1036538449272977,0.9361589474997676
55000,0.7270291285296873,1,0,-0.39268858809050217,0.0959162669956057,-0.2722191393015232
50000,0.7270291285296873,1,0,-0.21855269947015643,-0.15015764042541574,-0.2722191393015232
20000,-0.4347638593510017,1,0,0.9810500888033364,-0.6475046098646033,-1.0778045305023836
25000,-0.8994810545032773,1,0,0.11037064570160776,-0.15015764042541574,-0.4736154871017383
125000,0.7270291285296873,1,0,-0.31529485981479294,-0.15015764042541574,0.9361589474997676
55000,1.1917463236819628,1,0,-0.4700823163662114,-0.4029696522043368,-0.2722191393015232
50000,0.49467053095354946,1,0,0.11037064570160776,-0.02234162380920958,-1.0778045305023836
299000,1.1917463236819628,1,0,-0.6345439889520935,-0.15015764042541574,0.9361589474997676
60000,0.2623119333774117,1,0,-0.0831136749876653,-0.4520829461908048,-0.2722191393015232
40000,0.2623119333774117,1,0,-0.6055213408487026,-0.4520829461908048,-0.2722191393015232
15000,-1.364198249655553,1,0,0.40059712673551734,0.0537906367877002,-1.0778045305023836
750000,-0.2024052617748639,1,1,-0.4313854522283568,19.90190021660562,-0.6750118349019534
20000,-1.5965568472316907,1,0,1.077792249147973,-0.15015764042541574,-0.4736154871017383
190000,1.4241049212581007,1,0,-0.6538924210210207,1.23052985439234,0.9361589474997676
130000,0.2623119333774117,1,0,0.3038549663908808,2.002284044145149,0.3319699040991222
54786,0.49467053095354946,1,0,-0.17985583533230182,0.10619811512691912,-0.2722191393015232
72000,-0.2024052617748639,1,0,0.04265113346036219,-0.15015764042541574,0.3319699040991222
35000,-0.2024052617748639,1,0,-0.1605074032633745,0.08262306852162604,-0.4736154871017383
45000,0.7270291285296873,1,0,-0.31529485981479294,-0.33570506968831704,-0.4736154871017383
85000,-0.2024052617748639,1,0,0.2845065343219535,-0.15015764042541574,0.9361589474997676
100000,-0.2024052617748639,1,0,-0.31529485981479294,1.2399132886092668,0.9361589474997676
138000,0.7270291285296873,1,0,-0.3733401560215749,-0.15015764042541574,-1.0778045305023836
150000,0.9593877261058251,1,0,-0.49910496446960234,-0.15015764042541574,0.9361589474997676
180000,0.7270291285296873,1,0,-0.5905263059952839,-0.15015764042541574,0.3319699040991222
100000,0.2623119333774117,1,0,-0.3830143720560385,-0.15015764042541574,0.9361589474997676
20000,-0.8994810545032773,1,0,0.013628485356971231,-0.05431850424348856,-0.4736154871017383
170000,0.7270291285296873,1,0,-0.39268858809050217,-0.15015764042541574,0.3319699040991222
60000,0.49467053095354946,1,0,-0.35399172395264755,0.04106310633388989,1.1375552952999828
123000,0.49467053095354946,1,0,-0.5281276125729933,-0.15015764042541574,0.9361589474997676
60000,0.7270291285296873,1,0,-0.5861729087797752,-0.15015764042541574,1.1375552952999828
100000,0.7270291285296873,1,0,0.20711280604624427,-0.15015764042541574,1.3389516431001978
22000,0.0299533358012739,1,0,1.2519281377683187,-0.05703038328135925,-0.4736154871017383
30000,0.0299533358012739,1,0,0.3425518305287354,-0.5242555306465291,-0.2722191393015232
28000,-0.2024052617748639,1,0,0.20711280604624427,-0.36029499127097275,-1.0778045305023836
50000,-1.5965568472316907,1,0,0.3425518305287354,-0.15015764042541574,-1.0778045305023836
40000,0.7270291285296873,1,0,-0.1411589711944472,-0.5366669525008331,1.9431406865008432
43000,0.9593877261058251,1,0,0.49733928708015385,-0.15015764042541574,-0.4736154871017383
40000,0.2623119333774117,1,0,-0.6190652432969517,-0.15015764042541574,1.1375552952999828
100000,-0.4347638593510017,1,0,-0.3733401560215749,1.6581915149350774,0.9361589474997676
30000,0.49467053095354946,1,0,0.3038549663908808,-0.15015764042541574,-0.4736154871017383
130000,0.7270291285296873,1,0,-0.1411589711944472,-0.15015764042541574,0.3319699040991222
48000,0.49467053095354946,1,1,-0.17985583533230182,0.10619811512691912,-0.2722191393015232
32000,0.7270291285296873,1,0,0.11037064570160776,-0.15015764042541574,-1.0778045305023836
23000,-0.8994810545032773,1,0,-0.04441681084981068,-0.15015764042541574,-0.4736154871017383
20000,-0.8994810545032773,1,1,0.3038549663908808,-0.2859761957975471,-1.0778045305023836
125000,0.7270291285296873,1,0,0.03297691742589853,-0.15015764042541574,0.9361589474997676
23000,0.49467053095354946,1,0,-0.325936497452703,-0.6220495489569827,-0.2722191393015232
15000,-0.6671224569271395,1,0,-0.04441681084981068,-0.40310275056202366,-1.0778045305023836
35000,0.2623119333774117,1,0,0.07167378156375315,-0.19623462812715123,1.9431406865008432
25000,0.0299533358012739,1,1,0.7101720398383542,-0.4571739583723289,-1.0778045305023836
80000,1.1917463236819628,1,0,-0.508779180504066,-0.15015764042541574,-1.0778045305023836
15000,-0.8994810545032773,1,0,-0.4313854522283568,-0.15015764042541574,1.3389516431001978
45000,-0.2024052617748639,1,1,0.3038549663908808,-0.15763610439794873,1.741744338700628
25000,-0.4347638593510017,1,1,-0.0831136749876653,-0.2658284319026918,1.9431406865008432
35000,-0.2024052617748639,1,0,-0.3561587483443674,-0.383004898551301,-0.2722191393015232
25000,-0.2024052617748639,1,0,-0.1605074032633745,-0.5780771790361714,-1.0778045305023836
170000,0.9593877261058251,1,0,-0.5552154174694915,-0.15015764042541574,0.9361589474997676
25000,0.0299533358012739,1,0,0.12971907777053507,-0.5242555306465291,-0.2722191393015232
60000,-1.5965568472316907,1,1,-0.28410518731968215,-0.15015764042541574,0.9361589474997676
41000,-0.4347638593510017,1,0,-0.3346432918837203,-0.15015764042541574,-1.0778045305023836
35000,-0.4347638593510017,1,0,-0.011524476332634264,-0.15015764042541574,-0.2722191393015232
75000,0.2623119333774117,1,0,1.2712765698372461,-0.042339652051667086,-0.2722191393015232
47999,0.49467053095354946,1,0,-0.5474760446419206,-0.4520829461908048,-0.2722191393015232
36999,-0.6671224569271395,1,0,-0.25724956360801104,-0.15015764042541574,-0.2722191393015232
25000,-1.5965568472316907,1,0,0.8843079284587,0.0537906367877002,-1.0778045305023836
60000,0.49467053095354946,1,0,-0.3733401560215749,-0.15015764042541574,1.1375552952999828
50000,-1.5965568472316907,1,0,0.22646123811517158,-0.12449461333390933,-0.2722191393015232
65000,-0.2024052617748639,1,0,-0.45073388429728406,0.6192257348310952,1.9431406865008432
12000,-1.5965568472316907,1,0,0.7295204719072815,-0.15015764042541574,1.3389516431001978
60000,0.2623119333774117,1,0,0.3038549663908808,0.17129984933052664,-1.0778045305023836
20000,-0.8994810545032773,1,0,0.3038549663908808,-0.5242555306465291,-0.2722191393015232
27000,-0.6671224569271395,1,0,0.632778311562645,-0.05100768259602679,1.9431406865008432
10000,-3.223067030264655,1,0,-0.0831136749876653,-0.15015764042541574,-1.0778045305023836
56000,0.2623119333774117,1,0,0.2651581022530262,-0.15015764042541574,-0.4736154871017383
58000,0.2623119333774117,1,0,0.2651581022530262,-0.15015764042541574,-0.4736154871017383
87000,0.9593877261058251,1,0,-0.508779180504066,-0.15015764042541574,-1.0778045305023836
35000,0.2623119333774117,1,0,-0.3636659399871112,-0.47963430623199416,1.9431406865008432
35000,-0.4347638593510017,1,0,0.20711280604624427,0.0537906367877002,-1.0778045305023836
40000,0.0299533358012739,1,1,0.5138821964990867,-0.2945943144577742,-1.0778045305023836
56000,0.7270291285296873,1,2,0.06614012999203994,-0.2859761957975471,-1.0778045305023836
30000,-1.364198249655553,1,1,0.49733928708015385,0.0537906367877002,-1.0778045305023836
40000,0.7270291285296873,1,0,-0.1605074032633745,-0.3366201208974145,-0.2722191393015232
60000,1.1917463236819628,1,0,-0.5474760446419206,-0.15015764042541574,-0.4736154871017383
40000,-0.2024052617748639,1,0,-0.0831136749876653,0.08262306852162604,-0.4736154871017383
40000,0.9593877261058251,1,0,-0.3346432918837203,-0.15015764042541574,-1.0778045305023836
130000,0.2623119333774117,1,0,0.005908460961469237,1.4425222635981583,0.9361589474997676
45000,0.2623119333774117,1,0,0.2651581022530262,0.17129984933052664,-1.0778045305023836
42000,-0.2024052617748639,1,0,0.49733928708015385,-0.03902883040420532,1.9431406865008432
25000,-0.4347638593510017,1,0,0.18776437397731696,-0.15015764042541574,-1.0778045305023836
15000,-1.8289154448078284,1,0,0.40059712673551734,-0.15015764042541574,-1.0778045305023836
170000,0.9593877261058251,1,0,-0.35399172395264755,1.3568235585425021,-1.0778045305023836
38000,0.49467053095354946,1,1,-0.2765979956769383,-0.37738149293902923,-0.4736154871017383
60000,0.2623119333774117,1,1,-0.3249690758492566,0.03766909821287381,1.9431406865008432
65000,0.7270291285296873,1,0,0.22646123811517158,-0.15015764042541574,1.3389516431001978
35000,-0.6671224569271395,1,0,-0.0831136749876653,-0.1044133986178975,-1.0778045305023836
70000,1.1917463236819628,1,0,-0.537801828607457,-0.15015764042541574,-1.0778045305023836
15000,-1.8289154448078284,1,0,0.8843079284587,-0.15015764042541574,-0.4736154871017383
50000,0.7270291285296873,1,1,-0.4700823163662114,-0.4909143920459594,-0.4736154871017383
145000,0.7270291285296873,1,0,-0.6210000865038444,-0.15015764042541574,0.9361589474997676
25000,-1.364198249655553,1,0,0.11037064570160776,-0.05100768259602679,1.9431406865008432
58000,0.49467053095354946,1,0,-0.25724956360801104,-0.02375579385963295,-0.4736154871017383
90000,-1.5965568472316907,1,0,-0.5958471248142388,-0.15015764042541574,0.9361589474997676
9000,-2.7583498351123796,1,1,0.6171254300188828,-0.15015764042541574,-0.4736154871017383
40000,0.0299533358012739,1,0,0.3038549663908808,-0.30690591254381294,-1.0778045305023836
28000,0.2623119333774117,1,0,-0.02893806519466884,-0.4892340252801622,1.3389516431001978
50000,0.49467053095354946,1,0,-0.04441681084981068,-0.02234162380920958,-1.0778045305023836
56000,1.1917463236819628,1,0,-0.588107751986668,-0.3851178349795806,1.9431406865008432
35000,0.0299533358012739,1,0,-0.4700823163662114,-0.5242555306465291,-0.2722191393015232
30000,-0.8994810545032773,1,0,0.24159171199307275,-0.15015764042541574,-0.2722191393015232
95000,1.1917463236819628,1,0,-0.508779180504066,0.21503929712538586,-0.2722191393015232
40000,0.7270291285296873,1,0,-0.45073388429728406,-0.4715319437078038,-0.2722191393015232
30000,0.0299533358012739,1,1,0.3232033984598081,0.08262306852162604,-0.4736154871017383
18000,-0.2024052617748639,1,0,0.20711280604624427,-0.5780771790361714,-1.0778045305023836
14000,-1.364198249655553,1,0,0.6134298794937176,-0.3759174110044733,-0.2722191393015232
17000,-0.8994810545032773,1,1,0.3038549663908808,-0.15015764042541574,-0.4736154871017383
125000,0.7270291285296873,1,0,-0.20887848343569276,-0.15015764042541574,0.9361589474997676
20000,0.2623119333774117,1,0,-0.17985583533230182,-0.15015764042541574,-1.0778045305023836
50000,0.7270291285296873,1,0,0.12971907777053507,-0.4134844224616023,-0.4736154871017383
210000,0.7270291285296873,1,0,-0.4313854522283568,-0.15015764042541574,0.3319699040991222
70000,0.9593877261058251,1,0,-0.025068378780883378,-0.15015764042541574,-1.0778045305023836
40000,0.7270291285296873,1,0,-0.3733401560215749,-0.42920666596336793,-0.4736154871017383
10000,-1.364198249655553,1,0,0.3038549663908808,-0.15015764042541574,-1.0778045305023836
35000,-0.8994810545032773,1,0,0.11037064570160776,-0.15015764042541574,-1.0778045305023836
10000,-2.061274042383966,1,0,0.3038549663908808,-0.15015764042541574,1.3389516431001978
42000,0.2623119333774117,1,0,-0.2765979956769383,-0.4520829461908048,-0.2722191393015232
20000,-1.1318396520794152,1,0,0.3038549663908808,-0.05100768259602679,1.9431406865008432
25000,0.7270291285296873,1,0,0.40059712673551734,-0.4822796360910214,-0.4736154871017383
25000,0.49467053095354946,1,0,0.6975955589935514,-0.36029499127097275,-1.0778045305023836
145000,1.1917463236819628,1,0,-0.6113258704693807,1.3680204578829132,0.9361589474997676
50000,0.49467053095354946,1,0,-0.2765979956769383,-0.15015764042541574,-0.4736154871017383
30000,-0.6671224569271395,1,0,-0.2765979956769383,-0.15015764042541574,1.3389516431001978
60000,0.0299533358012739,1,0,0.13573644014397146,-0.0044898065844534195,1.9431406865008432
15000,-2.061274042383966,1,0,0.5940814474247904,-0.15015764042541574,-0.4736154871017383
15000,0.0299533358012739,1,1,-0.005719946711956073,-0.15015764042541574,-0.4736154871017383
25000,-0.6671224569271395,1,0,-0.2765979956769383,-0.15015764042541574,-0.4736154871017383
54000,1.1917463236819628,1,0,-0.45073388429728406,-0.15015764042541574,-0.4736154871017383
25000,-1.5965568472316907,1,0,0.7875657681140634,-0.15015764042541574,-1.0778045305023836
260000,1.1917463236819628,1,0,-0.6403485185727716,-0.15015764042541574,0.9361589474997676
100000,0.0299533358012739,1,0,-0.29594642774586566,1.9548344796297674,-0.2722191393015232
15000,-1.5965568472316907,1,0,-0.0831136749876653,-0.15015764042541574,-1.0778045305023836
20000,-1.8289154448078284,1,0,-0.21855269947015643,-0.15015764042541574,-0.4736154871017383
35000,0.0299533358012739,1,0,-0.4700823163662114,-0.4264282377466538,-0.2722191393015232
50000,0.49467053095354946,1,0,0.11037064570160776,0.08758098234546326,1.9431406865008432
90000,1.1917463236819628,1,0,-0.4971701212627096,0.4279467575403016,-0.4736154871017383
40000,0.49467053095354946,1,0,0.20711280604624427,-0.2427525041387246,-1.0778045305023836
80000,0.49467053095354946,1,0,-0.5242579261592079,0.23586919010338653,-1.0778045305023836
20000,-0.8994810545032773,1,0,-0.059992298665297164,-0.15015764042541574,-1.0778045305023836
70000,0.7270291285296873,1,0,-0.31529485981479294,-0.12449461333390933,-0.2722191393015232
98000,1.1917463236819628,1,0,-0.6442182049865571,-0.15015764042541574,1.741744338700628
75000,-1.364198249655553,1,1,-0.3346432918837203,-0.15015764042541574,0.9361589474997676
50000,0.49467053095354946,1,0,0.22646123811517158,-0.2423032971815313,-0.2722191393015232
40000,0.0299533358012739,1,0,0.837716904036723,-0.12449461333390933,-0.2722191393015232
75000,-0.2024052617748639,1,0,0.38124869466659,-0.12449461333390933,-0.2722191393015232
50000,-0.2024052617748639,1,0,-0.3346432918837203,-0.12449461333390933,-0.2722191393015232
60000,0.0299533358012739,1,0,0.49733928708015385,-0.15015764042541574,-1.0778045305023836
50000,0.49467053095354946,1,0,0.11037064570160776,-0.15015764042541574,1.3389516431001978
35000,0.0299533358012739,1,0,-0.17985583533230182,-0.15015764042541574,-0.2722191393015232
160000,0.9593877261058251,1,0,-0.29594642774586566,-0.15015764042541574,0.9361589474997676
25000,0.2623119333774117,1,1,0.11037064570160776,-0.5384804176243171,-0.4736154871017383
42000,-0.8994810545032773,1,0,0.3232033984598081,-0.15015764042541574,-0.4736154871017383
200000,1.1917463236819628,1,0,-0.5165185533316369,-0.15015764042541574,-1.0778045305023836
40000,0.0299533358012739,1,0,-0.3740173511439873,-0.15015764042541574,-0.2722191393015232
130000,0.2623119333774117,1,1,-0.17985583533230182,1.6581915149350774,0.9361589474997676
195000,1.1917463236819628,1,0,-0.5474760446419206,-0.15015764042541574,0.3319699040991222
270000,1.1917463236819628,1,0,-0.6175173687314375,-0.15015764042541574,0.3319699040991222
425000,0.7270291285296873,1,1,-0.4004279609180731,8.60517710792954,0.5333662518993373
85000,0.9593877261058251,1,0,-0.4700823163662114,-0.15015764042541574,1.3389516431001978
125000,-0.8994810545032773,1,1,-0.25724956360801104,3.928999232726078,0.5333662518993373
45000,0.9593877261058251,1,0,-0.4700823163662114,-0.449504165510621,1.3389516431001978
85000,0.0299533358012739,1,1,-0.3036858005734366,1.4951626640633293,-0.2722191393015232
85000,0.9593877261058251,1,0,-0.5136162885212978,-0.15015764042541574,-1.0778045305023836
760000,1.1917463236819628,1,0,-0.609391027262488,11.15101594458582,1.1375552952999828
100000,0.2623119333774117,1,0,-0.0831136749876653,-0.15015764042541574,0.9361589474997676
95000,0.2623119333774117,1,0,-0.47395200277999683,-0.15015764042541574,0.9361589474997676
48000,0.2623119333774117,1,0,-0.17985583533230182,-0.2380607870302612,-0.2722191393015232
40000,0.49467053095354946,1,0,-0.08913103736110169,-0.02234162380920958,-1.0778045305023836
37000,0.0299533358012739,1,0,0.16841594190838968,-0.383004898551301,-0.2722191393015232
38000,0.0299533358012739,1,1,-0.11710887013277056,-0.1044133986178975,-1.0778045305023836
55000,0.2623119333774117,1,0,-0.17985583533230182,-0.057596051301528596,1.1375552952999828
45000,0.7270291285296873,1,0,-0.23209660191840553,-0.15015764042541574,1.1375552952999828
18000,-1.1318396520794152,1,1,-0.013556061699871632,-0.6261922353399877,1.3389516431001978
140000,0.9593877261058251,1,0,-0.5570535185160396,-0.15015764042541574,0.9361589474997676
70000,-3.223067030264655,1,2,-0.5668244767108479,-0.15015764042541574,1.9431406865008432
15000,-1.5965568472316907,1,0,-0.0831136749876653,-0.15015764042541574,-0.4736154871017383
65000,1.1917463236819628,1,0,-0.35399172395264755,-0.15015764042541574,-1.0778045305023836
42000,0.9593877261058251,1,0,-0.23790113153908374,-0.4029696522043368,-0.2722191393015232
58000,-0.4347638593510017,1,0,0.11037064570160776,-0.15015764042541574,1.9431406865008432
330000,0.0299533358012739,1,3,-0.537801828607457,7.523752951723436,-0.6750118349019534
35000,-0.2024052617748639,1,0,-0.3733401560215749,-0.1464891169416704,-0.4736154871017383
162000,0.9593877261058251,1,0,-0.3275811141785618,-0.15015764042541574,0.9361589474997676
28000,-1.1318396520794152,1,0,0.11037064570160776,-0.15015764042541574,-0.4736154871017383
285000,1.1917463236819628,1,0,-0.5571502606763843,-0.15015764042541574,0.9361589474997676
125000,0.7270291285296873,1,0,-0.007654789918848804,-0.15015764042541574,0.9361589474997676
15000,-2.061274042383966,1,0,0.25877311967028016,-0.15015764042541574,-1.0778045305023836
29500,-0.2024052617748639,1,0,0.20711280604624427,-0.5242555306465291,-0.2722191393015232
200000,1.1917463236819628,1,0,-0.5668244767108479,-0.15015764042541574,1.3389516431001978
160000,1.1917463236819628,1,0,-0.5532805742625988,-0.15015764042541574,0.13057355629890707
30000,-0.4347638593510017,1,0,-0.2211453893673927,-0.15015764042541574,-0.4736154871017383
110000,1.1917463236819628,1,0,-0.4700823163662114,0.8635111330706989,1.9431406865008432
70000,0.49467053095354946,1,0,-0.06376524291873799,-0.15015764042541574,-1.0778045305023836
69000,1.1917463236819628,1,0,-0.6326091457452008,-0.41037324835067085,1.9431406865008432
30000,-0.6671224569271395,1,0,0.18776437397731696,-0.05100768259602679,1.9431406865008432
30000,-0.8994810545032773,1,0,0.6908236077694269,-0.05100768259602679,1.9431406865008432
42000,0.7270291285296873,1,0,-0.25724956360801104,-0.15015764042541574,1.3389516431001978
160000,0.9593877261058251,1,0,-0.3275811141785618,-0.15015764042541574,0.9361589474997676
20000,-0.8994810545032773,1,0,0.8843079284587,-0.2859761957975471,-1.0778045305023836
45000,0.7270291285296873,1,0,-0.3733401560215749,-0.15015764042541574,1.1375552952999828
23000,-0.8994810545032773,1,0,0.826262632251918,-0.2859761957975471,-1.0778045305023836
140000,0.7270291285296873,1,1,0.11037064570160776,1.6428852038010833,1.540347990900413
12000,-2.061274042383966,1,0,0.2651581022530262,-0.15015764042541574,-0.4736154871017383
50000,0.7270291285296873,1,0,-0.31529485981479294,-0.4134844224616023,-0.4736154871017383
140000,0.9593877261058251,1,0,-0.2765979956769383,-0.15015764042541574,0.9361589474997676
55000,1.1917463236819628,1,0,-0.4894307484351387,-0.37194109756857696,-0.2722191393015232
45000,0.49467053095354946,1,0,0.4199455588044446,-0.4538298621354454,1.9431406865008432
25000,-0.4347638593510017,1,0,0.3038549663908808,-0.15015764042541574,-0.4736154871017383
90000,0.0299533358012739,1,0,-0.4313854522283568,-0.15015764042541574,0.9361589474997676
120000,0.9593877261058251,1,0,-0.44105966826282045,-0.15015764042541574,1.9431406865008432
120000,0.2623119333774117,1,0,-0.2765979956769383,-0.15015764042541574,0.3319699040991222
35000,0.7270291285296873,1,0,-0.2765979956769383,-0.2543154239627745,1.3389516431001978
35000,0.7270291285296873,1,0,-0.1411589711944472,-0.15015764042541574,-0.4736154871017383
300000,0.9593877261058251,1,0,-0.6151955568831662,4.445853430213753,-1.2792008783025988
87000,-0.4347638593510017,1,0,-0.26736879358006,-0.15015764042541574,0.9361589474997676
18000,-0.8994810545032773,1,0,0.027172387805220344,-0.15015764042541574,-0.4736154871017383
50000,0.0299533358012739,1,0,0.6908236077694269,0.03766909821287381,1.9431406865008432
60000,0.49467053095354946,1,0,-0.1024621070565926,0.23586919010338653,-1.0778045305023836
15000,-2.293632639960104,1,0,-0.3830143720560385,-0.15015764042541574,-0.4736154871017383
30000,0.9593877261058251,1,0,0.05232534949482584,-0.15015764042541574,-1.0778045305023836
160000,0.9593877261058251,1,0,-0.6007616265597464,-0.15015764042541574,0.9361589474997676
50000,0.49467053095354946,1,0,-0.1411589711944472,-0.12449461333390933,-0.2722191393015232
62000,0.7270291285296873,1,0,-0.3733401560215749,-0.057596051301528596,1.1375552952999828
45000,1.1917463236819628,1,0,-0.3733401560215749,-0.15015764042541574,-1.0778045305023836
120000,0.7270291285296873,1,0,-0.5852054871763288,-0.15015764042541574,0.9361589474997676
125000,0.0299533358012739,1,0,-0.17985583533230182,1.815064566763806,0.9361589474997676
50000,0.2623119333774117,1,0,-0.5668244767108479,-0.015919628050816405,-1.0778045305023836
30000,-0.4347638593510017,1,1,-0.5668244767108479,-0.15015764042541574,-1.0778045305023836
40000,0.0299533358012739,1,0,-0.39268858809050217,-0.5020780167969485,-0.4736154871017383
41000,-0.2024052617748639,1,0,0.04265113346036219,-0.3034786298333751,-0.2722191393015232
120000,0.7270291285296873,1,1,-0.4894307484351387,-0.15015764042541574,0.9361589474997676
35000,0.0299533358012739,1,0,-0.021198692367097916,-0.23385155146841283,-0.4736154871017383
10000,-3.9201428229930686,1,0,11.835520479471555,-0.15015764042541574,-0.4736154871017383
35000,-0.6671224569271395,1,0,-0.17985583533230182,-0.15015764042541574,1.3389516431001978
38000,0.7270291285296873,1,0,-0.1605074032633745,-0.20011111779478236,-0.4736154871017383
50000,0.2623119333774117,1,0,-0.5879336160980476,-0.06451716590124768,1.741744338700628
40000,0.2623119333774117,1,0,-0.5151254662226742,-0.4520829461908048,-0.2722191393015232
70000,1.1917463236819628,1,0,-0.6055213408487026,-0.43552883795349595,-0.4736154871017383
140000,0.49467053095354946,1,0,-0.592867466275624,-0.15015764042541574,0.9361589474997676
26500,0.49467053095354946,1,1,0.11037064570160776,-0.4649768495917237,-0.4736154871017383
38000,0.49467053095354946,0,0,-0.5571502606763843,-0.33570506968831704,-0.4736154871017383
60000,0.49467053095354946,1,0,-0.08408109659111165,-0.05100768259602679,1.9431406865008432
145000,0.7270291285296873,1,0,-0.39268858809050217,-0.15015764042541574,0.9361589474997676
78000,0.7270291285296873,1,0,-0.1585725600564818,0.044956233296231864,1.9431406865008432
58000,0.9593877261058251,1,0,-0.5474760446419206,-0.45249887855857635,-0.4736154871017383
130000,0.7270291285296873,1,0,-0.5861729087797752,0.8468738383598358,1.9431406865008432
20000,-2.9907084326885176,1,0,0.3038549663908808,-0.4479735343972216,1.3389516431001978
150000,0.9593877261058251,1,0,-0.5576339714781074,1.3568235585425021,-1.0778045305023836
32000,-0.4347638593510017,1,0,0.11037064570160776,0.0537906367877002,-1.0778045305023836
50000,0.7270291285296873,1,0,-0.2669237796424747,0.0537906367877002,-1.0778045305023836
120000,0.7270291285296873,1,0,-0.5842380655728825,-0.15015764042541574,0.3319699040991222
60000,0.49467053095354946,1,1,-0.21667590155947047,-0.02234162380920958,-1.0778045305023836
20000,-0.6671224569271395,1,0,0.06652709863341848,-0.615943661798096,-1.0778045305023836
65000,-0.6671224569271395,1,1,0.5940814474247904,-0.15015764042541574,0.9361589474997676
70000,0.49467053095354946,1,0,-0.508779180504066,0.6014071921957608,1.9431406865008432
35000,0.0299533358012739,1,0,-0.40236280412496583,-0.0044898065844534195,1.9431406865008432
95000,0.9593877261058251,1,0,-0.21855269947015643,0.23586919010338653,-1.0778045305023836
8000,-2.061274042383966,1,0,0.45864242294229923,-0.15015764042541574,-1.0778045305023836
85000,-0.8994810545032773,1,0,-0.3733401560215749,-0.15015764042541574,0.9361589474997676
65000,0.49467053095354946,1,0,-0.1024621070565926,-0.20011111779478236,-0.4736154871017383
39000,-0.2024052617748639,1,0,-0.2765979956769383,-0.15015764042541574,-0.4736154871017383
45000,0.7270291285296873,1,0,0.013628485356971231,-0.5240392458152879,-0.4736154871017383
60000,0.49467053095354946,1,0,0.20976354123968732,-0.02234162380920958,-1.0778045305023836
160000,0.9593877261058251,1,0,-0.5184533965385296,2.049700334071109,0.9361589474997676
35000,-0.6671224569271395,1,0,0.025237544598327614,-0.15015764042541574,-1.0778045305023836
40000,0.9593877261058251,1,0,-0.3733401560215749,-0.2859761957975471,-1.0778045305023836
40000,-0.4347638593510017,1,0,-0.521297616052662,0.04946494016287578,1.9431406865008432
56000,0.7270291285296873,1,1,-0.408167333745644,0.0959162669956057,-0.2722191393015232
22000,-0.6671224569271395,1,0,0.0784457327878777,-0.16672006731008002,-0.2722191393015232
36000,0.0299533358012739,1,0,-0.2688586228493674,-0.45228259372733515,1.9431406865008432
100000,0.9593877261058251,1,0,-0.3830143720560385,0.47353294504806664,1.1375552952999828
42000,0.49467053095354946,1,0,-0.286272211711402,-0.2427525041387246,-1.0778045305023836
85000,-1.364198249655553,1,0,-0.2765979956769383,-0.15015764042541574,0.9361589474997676
45000,0.0299533358012739,1,0,0.03297691742589853,-0.4523990547903112,-0.4736154871017383
145000,1.1917463236819628,1,0,-0.5764986927453115,0.8635111330706989,1.9431406865008432
50000,-0.2024052617748639,1,0,0.07167378156375315,0.06635179429440188,-0.4736154871017383
270000,1.1917463236819628,1,0,-0.4894307484351387,-0.15015764042541574,0.9361589474997676
60000,-1.8289154448078284,1,0,0.11037064570160776,-0.15015764042541574,0.9361589474997676
140000,0.7270291285296873,1,0,-0.17985583533230182,1.6581915149350774,0.9361589474997676
28000,-1.364198249655553,1,0,0.7080243638787033,-0.15015764042541574,-0.4736154871017383
180000,0.2623119333774117,1,1,-0.40961846615081354,2.002284044145149,0.3319699040991222
42000,0.0299533358012739,1,1,-0.28433736850450925,0.0537906367877002,-1.0778045305023836
16000,-0.6671224569271395,1,0,0.11037064570160776,-0.39037522010821335,1.1375552952999828
40000,0.2623119333774117,1,0,-0.2948822639820746,-0.4909143920459594,-0.4736154871017383
38000,-0.4347638593510017,1,1,0.43929399087337195,0.0537906367877002,-1.0778045305023836
85000,0.7270291285296873,1,0,-0.4120370201594295,0.6014071921957608,1.9431406865008432
28000,-0.2024052617748639,1,0,-0.12012722553552323,-0.3034786298333751,-0.2722191393015232
135000,0.9593877261058251,1,0,-0.19920426740122912,-0.15015764042541574,0.3319699040991222
120000,0.49467053095354946,1,0,-0.18759520815987274,-0.15015764042541574,0.9361589474997676
37000,-0.8994810545032773,1,0,-0.13148475515998356,0.4362654048957332,-0.4736154871017383
135000,0.2623119333774117,1,0,0.20711280604624427,1.7890937497201487,0.9361589474997676
10000,-3.223067030264655,1,0,0.5166877191490812,-0.15015764042541574,-0.4736154871017383
20000,-0.2024052617748639,1,0,-0.5281276125729933,-0.572902980381093,0.7347625996995525
83299,1.1917463236819628,1,0,-0.5397366718143497,-0.15015764042541574,1.3389516431001978
65000,0.9593877261058251,1,0,-0.5958471248142388,0.1308545858884183,1.9431406865008432
50000,0.9593877261058251,1,0,-0.39268858809050217,-0.37194109756857696,-0.2722191393015232
65000,-0.2024052617748639,1,0,-0.5395625359257293,-0.15015764042541574,-1.0778045305023836
45000,-0.4347638593510017,1,2,0.18776437397731696,-0.15015764042541574,-0.4736154871017383
60000,0.7270291285296873,1,0,-0.3443175079181839,0.173562521411204,-0.2722191393015232
110000,0.2623119333774117,1,0,0.03297691742589853,-0.15015764042541574,0.9361589474997676
14700,-2.061274042383966,1,1,-0.0831136749876653,-0.15015764042541574,-0.4736154871017383
38000,0.2623119333774117,1,0,-0.3733401560215749,-0.3094181440451533,1.9431406865008432
70000,0.9593877261058251,1,0,-0.3830143720560385,-0.15015764042541574,1.1375552952999828
35000,0.9593877261058251,1,0,-0.14889834402201813,-0.15015764042541574,1.3389516431001978
19000,-0.4347638593510017,1,0,-0.04441681084981068,-0.15015764042541574,-0.4736154871017383
130000,1.1917463236819628,1,0,-0.5958471248142388,-0.15015764042541574,0.3319699040991222
50000,-0.2024052617748639,0,0,0.4625701546522915,-0.15015764042541574,-1.0778045305023836
18000,-2.061274042383966,1,0,-0.24012620122701037,-0.15015764042541574,-1.0778045305023836
87000,1.1917463236819628,1,0,-0.6016516544349171,0.19336090211713117,-0.4736154871017383
40000,-1.5965568472316907,1,0,0.11037064570160776,-0.15015764042541574,-0.4736154871017383
35000,0.2623119333774117,1,0,-0.1218105391255199,-0.30690591254381294,-1.0778045305023836
100000,-0.6671224569271395,1,1,-0.5958471248142388,1.4951626640633293,-0.2722191393015232
30000,-0.2024052617748639,1,0,-0.19920426740122912,-0.5020780167969485,-0.4736154871017383
95000,0.9593877261058251,1,0,-0.6287394593314153,-0.15015764042541574,-1.0778045305023836
25000,-0.4347638593510017,1,0,0.8069142001829908,-0.3883121955640663,-1.0778045305023836
26500,-0.8994810545032773,1,0,0.35222604656319906,-0.15015764042541574,-1.0778045305023836
12000,-1.364198249655553,1,0,-0.3249690758492566,-0.15015764042541574,-1.0778045305023836
20000,-1.8289154448078284,1,0,0.12971907777053507,-0.15015764042541574,-1.0778045305023836
195000,0.9593877261058251,1,0,-0.6085203478193862,1.3695344517016017,0.9361589474997676
14900,-1.5965568472316907,1,0,0.3038549663908808,0.0537906367877002,-1.0778045305023836
48000,0.9593877261058251,1,0,-0.5259992850454113,-0.4264282377466538,-0.2722191393015232
40000,0.0299533358012739,1,0,-0.12597045202033927,-0.03902883040420532,1.9431406865008432
45000,-0.8994810545032773,1,0,0.7875657681140634,-0.1679845017081056,-0.2722191393015232
25000,-0.8994810545032773,1,0,-0.2765979956769383,-0.15015764042541574,-0.2722191393015232
25000,-0.6671224569271395,1,0,-0.2765979956769383,-0.4520829461908048,-0.2722191393015232
10000,-1.1318396520794152,1,0,0.49733928708015385,-0.5242555306465291,-0.2722191393015232
22000,-1.1318396520794152,1,2,-0.2765979956769383,-0.6203192703070529,0.7347625996995525
45000,0.2623119333774117,1,0,-0.31529485981479294,-0.4520829461908048,-0.2722191393015232
135000,0.7270291285296873,1,0,-0.3443175079181839,-0.15015764042541574,0.3319699040991222
75000,0.7270291285296873,1,0,-0.3733401560215749,-0.47963430623199416,1.9431406865008432
24000,-0.8994810545032773,1,0,0.20711280604624427,-0.2859761957975471,-1.0778045305023836
45000,0.49467053095354946,1,0,0.05232534949482584,-0.05100768259602679,1.9431406865008432
55000,0.7270291285296873,1,0,-0.3810795288491458,-0.454245794503217,-0.4736154871017383
10000,-1.8289154448078284,1,0,0.3232033984598081,-0.40310275056202366,-1.0778045305023836
135000,0.7270291285296873,1,0,-0.3733401560215749,-0.15015764042541574,0.9361589474997676
55000,0.7270291285296873,1,0,-0.4313854522283568,-0.12449461333390933,-0.2722191393015232
35000,-0.4347638593510017,1,0,-0.3733401560215749,-0.1044133986178975,-1.0778045305023836
20000,-6.011370201178309,1,0,-0.25724956360801104,-0.15015764042541574,-1.0778045305023836
26000,-0.4347638593510017,1,1,0.5940814474247904,-0.15015764042541574,-1.0778045305023836
23000,-1.1318396520794152,1,0,1.1745344094926096,-0.5242555306465291,-0.2722191393015232
150000,0.2623119333774117,1,0,-0.21855269947015643,1.6581915149350774,0.9361589474997676
24700,-0.4347638593510017,1,1,0.11037064570160776,-0.15015764042541574,-0.4736154871017383
35000,0.49467053095354946,1,1,0.2968314855498602,-0.46081752591400793,-0.4736154871017383
12000,-0.4347638593510017,1,0,1.077792249147973,-0.15015764042541574,-0.4736154871017383
150000,0.7270291285296873,1,0,-0.5281276125729933,-0.15015764042541574,0.9361589474997676
50000,0.49467053095354946,1,0,-0.5605168878563777,-0.4520829461908048,-0.2722191393015232
25000,-1.1318396520794152,1,0,10.668016740000413,-0.5242555306465291,-0.2722191393015232
15000,-3.455425627840793,0,1,-0.4700823163662114,-0.15015764042541574,-0.4736154871017383
35000,0.0299533358012739,1,1,0.06279285124411552,-0.15015764042541574,-0.4736154871017383
45000,0.2623119333774117,1,0,0.03297691742589853,0.0276035349128016,-0.2722191393015232
25000,-0.2024052617748639,1,0,-0.1024621070565926,-0.4264282377466538,-0.2722191393015232
40000,0.9593877261058251,1,0,-0.1024621070565926,-0.15015764042541574,-0.4736154871017383
17000,-1.364198249655553,1,0,0.3038549663908808,-0.15015764042541574,1.3389516431001978
30000,0.49467053095354946,1,0,-0.31529485981479294,-0.23385155146841283,-0.4736154871017383
15000,-3.223067030264655,1,0,0.3038549663908808,-0.15015764042541574,-0.4736154871017383
60000,0.7270291285296873,1,1,0.11037064570160776,-0.15015764042541574,-1.0778045305023836
30000,-0.2024052617748639,1,0,-0.2765979956769383,-0.15015764042541574,-0.4736154871017383
60000,-0.4347638593510017,1,0,-0.23790113153908374,0.6192257348310952,1.9431406865008432
32000,0.2623119333774117,1,0,-0.5764986927453115,-0.4520829461908048,-0.2722191393015232
30000,-0.4347638593510017,1,0,0.3038549663908808,-0.4571739583723289,-1.0778045305023836
55000,-0.8994810545032773,1,0,0.14906750983946238,-0.15015764042541574,-1.0778045305023836
75000,0.49467053095354946,1,0,0.013628485356971231,-0.02234162380920958,-1.0778045305023836
52000,0.7270291285296873,1,0,-0.17985583533230182,-0.15015764042541574,1.3389516431001978
38000,0.9593877261058251,1,0,-0.005719946711956073,-0.36029499127097275,-1.0778045305023836
12000,-1.5965568472316907,1,0,0.49733928708015385,-0.15015764042541574,-1.0778045305023836
47000,0.7270291285296873,1,0,0.7488689039762089,-0.2832975913490981,-0.2722191393015232
22000,0.0299533358012739,1,0,0.07167378156375315,-0.5242555306465291,-0.2722191393015232
65000,0.2623119333774117,1,0,-0.1605074032633745,-0.1044133986178975,-1.0778045305023836
23000,-0.2024052617748639,1,1,-0.19920426740122912,-0.15015764042541574,-1.0778045305023836
30000,-0.6671224569271395,1,0,0.20711280604624427,-0.6475046098646033,-1.0778045305023836
35000,-0.6671224569271395,1,0,0.03297691742589853,-0.15015764042541574,-1.0778045305023836
80000,0.7270291285296873,1,0,-0.0831136749876653,-0.02234162380920958,-1.0778045305023836
20000,-0.4347638593510017,1,0,-0.348283936492314,-0.15015764042541574,-1.0778045305023836
16000,-0.6671224569271395,1,1,0.47799085501122657,-0.15015764042541574,-1.0778045305023836
20000,-1.8289154448078284,1,0,-0.47975653240067506,-0.15015764042541574,-1.0778045305023836
50000,-0.4347638593510017,1,0,0.22646123811517158,-0.15015764042541574,-1.0778045305023836
40000,0.2623119333774117,1,0,0.7875657681140634,-0.08661149327727394,-0.2722191393015232
65000,0.9593877261058251,1,0,-0.1605074032633745,0.0537906367877002,-1.0778045305023836
85000,0.49467053095354946,1,0,-0.1605074032633745,0.6014071921957608,1.9431406865008432
12000,-1.5965568472316907,1,0,1.2712765698372461,-0.15015764042541574,-0.4736154871017383
105000,1.1917463236819628,1,0,-0.6074561840555952,0.24493651572080694,-0.4736154871017383
40000,0.2623119333774117,1,0,-0.17985583533230182,0.03766909821287381,1.9431406865008432
30000,-0.6671224569271395,1,1,0.10069642966714411,-0.4571739583723289,-1.0778045305023836
25000,-0.4347638593510017,1,0,0.11037064570160776,-0.5242555306465291,-0.2722191393015232
40000,0.49467053095354946,1,0,-0.35399172395264755,-0.49552292268086845,-0.4736154871017383
45000,0.7270291285296873,1,1,-0.25724956360801104,-0.5418245138612006,-0.2722191393015232
40000,0.9593877261058251,1,0,-0.39268858809050217,-0.15015764042541574,-1.0778045305023836
70000,0.9593877261058251,1,0,-0.5281276125729933,-0.08561325559462214,1.1375552952999828
30000,-0.4347638593510017,1,0,-0.23790113153908374,-0.5242555306465291,-0.2722191393015232
25000,-1.1318396520794152,1,0,0.3038549663908808,-0.15015764042541574,-0.4736154871017383
70000,0.7270291285296873,1,0,0.013628485356971231,0.09884443086471761,-0.2722191393015232
50000,0.7270291285296873,1,0,-0.4894307484351387,-0.268723321182382,-1.0778045305023836
25000,-0.8994810545032773,1,0,0.013628485356971231,-0.15015764042541574,-0.4736154871017383
22000,-0.6671224569271395,1,0,0.49733928708015385,-0.15015764042541574,-1.0778045305023836
35000,-0.2024052617748639,1,0,-0.09278789102212895,-0.5242555306465291,-0.2722191393015232
40000,0.0299533358012739,1,1,0.3038549663908808,-0.15015764042541574,1.3389516431001978
75000,0.49467053095354946,1,0,-0.4604081003317477,-0.15015764042541574,-1.0778045305023836
28000,-0.6671224569271395,1,1,0.49733928708015385,-0.15015764042541574,-0.4736154871017383
55000,0.9593877261058251,1,0,0.09102221363268045,-0.4822796360910214,-0.4736154871017383
30000,0.0299533358012739,1,0,-0.19920426740122912,-0.15015764042541574,-0.2722191393015232
40000,0.49467053095354946,1,0,-0.3733401560215749,-0.33570506968831704,-0.4736154871017383
85000,1.1917463236819628,1,0,-0.6055213408487026,-0.15015764042541574,-1.0778045305023836
12000,-1.5965568472316907,1,1,1.2712765698372461,-0.15015764042541574,-0.4736154871017383
35000,-0.2024052617748639,1,0,-0.2698260444528138,-0.45228259372733515,1.9431406865008432
25000,0.2623119333774117,1,1,0.3038549663908808,-0.15015764042541574,-1.0778045305023836
40000,-0.4347638593510017,1,1,0.05232534949482584,-0.15015764042541574,-1.0778045305023836
15000,-0.6671224569271395,1,0,0.6908236077694269,-0.15015764042541574,-0.4736154871017383
55000,0.9593877261058251,1,0,-0.3733401560215749,-0.454245794503217,-0.4736154871017383
60000,0.2623119333774117,1,0,-0.11091737187071384,0.0537906367877002,-1.0778045305023836
115000,0.9593877261058251,1,0,-0.45073388429728406,1.0132467854684672,1.9431406865008432
5000,-3.6877842254169306,1,0,0.49733928708015385,-0.15015764042541574,1.3389516431001978
40000,0.2623119333774117,1,0,-0.25490840332767084,-0.15015764042541574,-0.2722191393015232
50000,0.0299533358012739,1,0,-0.17985583533230182,-0.5418245138612006,-0.2722191393015232
28000,0.0299533358012739,1,0,-0.4120370201594295,-0.15015764042541574,-0.2722191393015232
35000,-0.2024052617748639,1,0,0.40059712673551734,-0.15015764042541574,-0.4736154871017383
25000,-1.5965568472316907,1,1,1.2712765698372461,-0.15015764042541574,-1.0778045305023836
20000,-1.1318396520794152,1,1,0.03297691742589853,-0.15015764042541574,1.3389516431001978
40000,-0.2024052617748639,1,0,-0.005719946711956073,0.0537906367877002,-1.0778045305023836
86000,0.9593877261058251,1,0,-0.4313854522283568,0.19336090211713117,-0.4736154871017383
65000,-0.6671224569271395,1,0,-0.1024621070565926,-0.15015764042541574,1.9431406865008432
60000,0.7270291285296873,1,0,-0.0831136749876653,-0.02234162380920958,-1.0778045305023836
65000,-3.6877842254169306,1,2,-0.3443175079181839,-0.15015764042541574,1.9431406865008432
41000,0.7270291285296873,1,0,-0.025068378780883378,-0.25090477854704757,-0.2722191393015232
110000,0.7270291285296873,1,0,-0.4352551386421422,0.7966624829224508,-0.2722191393015232
32000,0.7270291285296873,1,0,0.09102221363268045,-0.4264282377466538,-0.2722191393015232
37000,0.0299533358012739,1,0,-0.3511862013026531,-0.15015764042541574,-0.2722191393015232
65000,1.1917463236819628,1,0,-0.6442182049865571,-0.43552883795349595,-0.4736154871017383
18000,-1.5965568472316907,1,1,0.3038549663908808,-0.15015764042541574,-0.4736154871017383
28700,-0.4347638593510017,1,1,0.30145576081433384,-0.15015764042541574,-0.4736154871017383
35000,0.49467053095354946,1,0,0.3232033984598081,-0.4520829461908048,-0.2722191393015232
100000,1.1917463236819628,1,0,-0.6384136753658789,-0.15015764042541574,-1.0778045305023836
21000,-0.8994810545032773,1,0,-0.45073388429728406,-0.15015764042541574,-0.4736154871017383
30000,-0.8994810545032773,1,1,0.40059712673551734,-0.15015764042541574,-1.0778045305023836
90000,1.1917463236819628,1,0,-0.2765979956769383,-0.15015764042541574,1.3389516431001978
6000,-5.3142944084498955,1,0,0.013628485356971231,-0.15015764042541574,-1.0778045305023836
23500,-0.8994810545032773,1,0,0.49733928708015385,-0.15015764042541574,-0.4736154871017383
55000,0.2623119333774117,1,1,0.11037064570160776,-0.15015764042541574,-1.0778045305023836
35000,-0.8994810545032773,1,0,0.22646123811517158,-0.2658284319026918,1.9431406865008432
15000,-3.6877842254169306,1,0,0.5940814474247904,-0.15015764042541574,-0.4736154871017383
35000,-1.1318396520794152,1,0,-0.29594642774586566,0.0537906367877002,-1.0778045305023836
40000,-0.6671224569271395,1,0,-0.1605074032633745,-0.15015764042541574,-1.0778045305023836
15000,-1.1318396520794152,1,0,1.0003985208722639,-0.15015764042541574,-0.4736154871017383
40000,-0.6671224569271395,1,1,5.914900266379799,-0.15015764042541574,-0.4736154871017383
75000,0.49467053095354946,1,0,0.11037064570160776,-0.07042340552360409,-0.2722191393015232
70000,0.49467053095354946,1,0,-0.4700823163662114,-0.15015764042541574,-1.0778045305023836
22000,-1.5965568472316907,1,0,-0.17985583533230182,-0.15015764042541574,-1.0778045305023836
80000,1.1917463236819628,1,0,-0.4700823163662114,0.08758098234546326,1.9431406865008432
72000,0.7270291285296873,1,0,-0.19920426740122912,-0.15015764042541574,-1.0778045305023836
30000,0.0299533358012739,1,1,0.013628485356971231,-0.15015764042541574,-0.4736154871017383
25000,-0.6671224569271395,1,1,-0.0831136749876653,-0.2859761957975471,-1.0778045305023836
65000,0.9593877261058251,1,0,-0.537801828607457,-0.15015764042541574,-1.480597226102814
68000,1.1917463236819628,1,0,-0.4700823163662114,-0.15015764042541574,-1.0778045305023836
27000,0.49467053095354946,1,0,-0.1218105391255199,-0.5240392458152879,-0.4736154871017383
25000,0.2623119333774117,1,0,0.013628485356971231,-0.4082270373329695,-0.2722191393015232
45000,0.49467053095354946,1,0,-0.2765979956769383,-0.36029499127097275,-1.0778045305023836
200000,1.1917463236819628,1,0,-0.5571502606763843,2.005328669077237,-0.2722191393015232
20100,-1.364198249655553,1,0,0.03297691742589853,0.0537906367877002,-1.0778045305023836
30000,0.0299533358012739,1,0,-0.17985583533230182,-0.15015764042541574,-0.2722191393015232
30000,0.0299533358012739,1,0,-0.0831136749876653,-0.5006638467465252,1.1375552952999828
21000,-0.6671224569271395,1,0,1.2906250019061734,-0.5768127446381458,1.3389516431001978
45000,-0.4347638593510017,1,0,-0.25724956360801104,-0.15015764042541574,-0.4736154871017383
45000,0.0299533358012739,1,0,0.45283789332162105,0.04946494016287578,1.9431406865008432
14500,-0.4347638593510017,1,0,0.18776437397731696,-0.15015764042541574,1.3389516431001978
47000,1.1917463236819628,1,0,-0.49330043484892416,-0.4264282377466538,-0.2722191393015232
26000,0.0299533358012739,1,1,0.6521267436315723,-0.15015764042541574,1.3389516431001978
25000,-0.2024052617748639,1,0,1.6582452112157922,0.04946494016287578,1.9431406865008432
10000,-3.223067030264655,1,0,-0.19920426740122912,-0.15015764042541574,-0.4736154871017383
50000,0.7270291285296873,1,0,0.07167378156375315,-0.15015764042541574,1.3389516431001978
23000,-0.8994810545032773,1,0,0.11037064570160776,-0.15015764042541574,-0.2722191393015232
50000,0.0299533358012739,1,0,0.2651581022530262,-0.5242555306465291,-0.2722191393015232
46000,0.2623119333774117,1,0,-0.39268858809050217,-0.42920666596336793,-0.4736154871017383
80000,0.7270291285296873,1,0,-0.31529485981479294,0.09884443086471761,-0.2722191393015232
40000,0.0299533358012739,1,0,0.7875657681140634,0.0276035349128016,-0.2722191393015232
30900,0.0299533358012739,1,0,-0.17985583533230182,-0.17681890519957394,-0.4736154871017383
65000,-0.8994810545032773,1,0,-0.2765979956769383,-0.1044133986178975,-1.0778045305023836
15000,-1.8289154448078284,1,0,1.2712765698372461,-0.15015764042541574,-0.4736154871017383
89999,1.1917463236819628,1,0,-0.5397366718143497,-0.15015764042541574,1.3389516431001978
17600,-1.8289154448078284,1,0,0.3425518305287354,-0.15015764042541574,-0.4736154871017383
17000,-1.5965568472316907,1,0,-0.35399172395264755,-0.15015764042541574,-1.0778045305023836
90000,0.9593877261058251,1,0,-0.5049094940902805,0.8468738383598358,1.9431406865008432
35000,-0.8994810545032773,1,0,0.49733928708015385,-0.15015764042541574,-1.0778045305023836
70000,0.7270291285296873,1,0,-0.35399172395264755,0.6014071921957608,1.9431406865008432
15000,-0.6671224569271395,1,0,0.24580967018409888,-0.40310275056202366,-1.0778045305023836
35000,0.49467053095354946,1,0,-0.31529485981479294,-0.454245794503217,-0.4736154871017383
15000,-1.8289154448078284,1,0,0.3038549663908808,-0.5242555306465291,-0.2722191393015232
50000,0.9593877261058251,1,0,-0.5474760446419206,-0.36029499127097275,-1.0778045305023836
69000,0.7270291285296873,1,0,-0.2765979956769383,0.017221863013222993,1.1375552952999828
15000,-0.6671224569271395,1,0,0.5940814474247904,-0.449504165510621,1.3389516431001978
25000,-1.364198249655553,1,0,-0.17985583533230182,-0.4571739583723289,-1.0778045305023836
30000,-0.4347638593510017,1,0,-0.21855269947015643,-0.39037522010821335,1.1375552952999828
45000,0.0299533358012739,1,0,-0.5560860969125933,0.08262306852162604,-0.4736154871017383
35000,0.49467053095354946,1,0,0.07167378156375315,-0.15015764042541574,-0.4736154871017383
120000,0.9593877261058251,1,0,-0.5474760446419206,1.0132467854684672,1.9431406865008432
25000,0.2623119333774117,1,0,0.20711280604624427,-0.15015764042541574,-0.4736154871017383
80000,0.7270291285296873,1,0,-0.1411589711944472,0.6192257348310952,1.9431406865008432
10000,-1.5965568472316907,1,0,1.2325797056993915,-0.15015764042541574,-0.4736154871017383
70000,0.9593877261058251,1,0,-0.35399172395264755,-0.15015764042541574,1.3389516431001978
35000,-0.6671224569271395,1,0,0.3038549663908808,-0.15015764042541574,-1.0778045305023836
40000,0.2623119333774117,1,0,0.715009147855586,-0.33570506968831704,-0.4736154871017383
20000,-1.8289154448078284,1,0,-0.1218105391255199,-0.15015764042541574,-0.4736154871017383
30000,-0.4347638593510017,1,0,0.3038549663908808,-0.4082270373329695,-0.2722191393015232
8000,-2.061274042383966,1,1,0.9230047925965545,-0.15015764042541574,-1.0778045305023836
65000,-0.2024052617748639,1,0,-0.5395625359257293,-0.15015764042541574,-1.0778045305023836
20000,-1.364198249655553,1,0,0.38124869466659,-0.15015764042541574,-0.4736154871017383
45000,-0.2024052617748639,1,0,-0.2765979956769383,-0.08661149327727394,-0.2722191393015232
35000,-0.2024052617748639,1,0,0.3038549663908808,-0.05431850424348856,-0.4736154871017383
25000,-0.6671224569271395,1,0,0.3425518305287354,-0.4571739583723289,-1.0778045305023836
15000,-1.1318396520794152,1,3,16.363053583600543,-0.15015764042541574,1.3389516431001978
65000,0.7270291285296873,1,0,-0.21855269947015643,-0.05703038328135925,-0.4736154871017383
45000,-0.6671224569271395,1,0,0.013628485356971231,-0.1044133986178975,-1.0778045305023836
45000,0.7270291285296873,1,0,0.2845065343219535,-0.15015764042541574,-0.2722191393015232
50000,-0.6671224569271395,1,1,0.40059712673551734,-0.15015764042541574,-1.0778045305023836
85000,0.9593877261058251,1,1,-0.37140531281468214,-0.15015764042541574,-1.0778045305023836
25000,-1.364198249655553,1,0,0.07167378156375315,-0.15015764042541574,-0.4736154871017383
60000,0.7270291285296873,1,0,-0.4187702745194162,-0.12449461333390933,-0.2722191393015232
100000,1.1917463236819628,1,0,-0.5281276125729933,0.35590727144226414,1.1375552952999828
180000,1.1917463236819628,1,1,-0.39655827450428766,-0.15015764042541574,0.3319699040991222
25000,-0.8994810545032773,1,1,-0.1218105391255199,-0.6475046098646033,-1.0778045305023836
15000,-0.6671224569271395,1,1,-0.2765979956769383,-0.449504165510621,1.3389516431001978
60000,0.7270291285296873,1,1,-0.35383693649609615,0.173562521411204,-0.2722191393015232
75000,0.9593877261058251,1,0,0.03297691742589853,0.6014071921957608,1.9431406865008432
35000,-0.8994810545032773,1,0,0.03297691742589853,-0.15015764042541574,-0.4736154871017383
55000,0.9593877261058251,1,0,-0.656214232869292,-0.4662911958738819,1.3389516431001978
85000,0.9593877261058251,1,0,0.3038549663908808,0.08758098234546326,1.9431406865008432
35000,-0.4347638593510017,1,0,-0.0831136749876653,-0.15015764042541574,-0.4736154871017383
35000,-0.6671224569271395,1,0,0.013628485356971231,-0.15015764042541574,-0.4736154871017383
60000,0.7270291285296873,1,0,-0.3830143720560385,0.03766909821287381,1.9431406865008432
40000,0.7270291285296873,1,0,-0.3733401560215749,-0.15015764042541574,1.1375552952999828
30000,-0.8994810545032773,1,0,0.38124869466659,-0.15015764042541574,-1.0778045305023836
80000,0.9593877261058251,1,0,-0.45073388429728406,-0.15015764042541574,-1.0778045305023836
24000,-0.6671224569271395,1,0,0.16841594190838968,-0.49552292268086845,-0.4736154871017383
18000,-0.8994810545032773,1,0,-0.3733401560215749,-0.15015764042541574,-0.2722191393015232
20000,-1.364198249655553,1,2,0.11037064570160776,-0.15015764042541574,-0.4736154871017383
40000,0.49467053095354946,1,0,1.135837545354755,-0.05100768259602679,1.9431406865008432
20000,-0.4347638593510017,1,0,-0.19920426740122912,-0.15015764042541574,1.1375552952999828
70000,0.9593877261058251,1,0,-0.39268858809050217,-0.15015764042541574,1.3389516431001978
50000,1.1917463236819628,1,0,-0.09391010008212673,-0.15015764042541574,-0.4736154871017383
75000,0.7270291285296873,1,0,-0.2765979956769383,0.03766909821287381,1.9431406865008432
25000,0.2623119333774117,1,0,-0.0831136749876653,-0.15015764042541574,-0.2722191393015232
70000,0.7270291285296873,1,0,0.07167378156375315,0.0959162669956057,-0.2722191393015232
55000,0.9593877261058251,1,0,-0.31529485981479294,-0.3366201208974145,-0.2722191393015232
51000,0.9593877261058251,1,0,-0.39268858809050217,-0.37194109756857696,-0.2722191393015232
74000,1.1917463236819628,1,0,-0.4120370201594295,-0.36492015920059273,1.9431406865008432
65000,0.7270291285296873,1,0,0.14906750983946238,0.03766909821287381,1.9431406865008432
60000,0.49467053095354946,1,1,-0.1411589711944472,-0.02234162380920958,-1.0778045305023836
110000,1.1917463236819628,1,0,-0.5861729087797752,-0.15015764042541574,-1.0778045305023836
50000,0.0299533358012739,1,0,-0.6403485185727716,0.6192257348310952,1.9431406865008432
85009,0.9593877261058251,1,0,-0.5184533965385296,-0.15015764042541574,1.3389516431001978
60000,-0.2024052617748639,1,0,-0.3733401560215749,-0.15015764042541574,-0.4736154871017383
25000,-0.2024052617748639,1,1,0.6908236077694269,-0.15015764042541574,-1.0778045305023836
75000,1.1917463236819628,1,0,-0.41867353235907157,-0.15015764042541574,1.3389516431001978
30000,-0.8994810545032773,1,0,0.6714751757004996,-0.12449461333390933,-0.2722191393015232
16600,-0.8994810545032773,1,0,1.2712765698372461,-0.5242555306465291,-0.2722191393015232
30000,0.2623119333774117,1,0,-0.31529485981479294,-0.4520829461908048,-0.2722191393015232
20000,-1.5965568472316907,1,0,0.8843079284587,-0.15015764042541574,-0.2722191393015232
62000,1.1917463236819628,1,0,-0.4468641978834986,-0.37194109756857696,-0.2722191393015232
60000,0.49467053095354946,1,0,-0.3346432918837203,0.23586919010338653,-1.0778045305023836
45000,0.0299533358012739,1,0,0.4280719002733941,-0.1544916556975956,-0.4736154871017383
40000,-0.6671224569271395,1,0,0.9230047925965545,-0.03902883040420532,1.9431406865008432
75000,0.9593877261058251,1,0,-0.4700823163662114,-0.15015764042541574,1.1375552952999828
50000,-0.4347638593510017,1,0,1.2712765698372461,0.04946494016287578,1.9431406865008432
105000,0.7270291285296873,1,0,-0.30861965075101305,-0.15015764042541574,-1.0778045305023836
30000,-1.1318396520794152,1,0,-0.2765979956769383,-0.15015764042541574,-1.0778045305023836
10000,-3.223067030264655,1,3,0.2651581022530262,-0.15015764042541574,-0.4736154871017383
45000,0.0299533358012739,1,0,-0.39268858809050217,-0.2859761957975471,-1.0778045305023836
145000,0.9593877261058251,1,1,-0.5842380655728825,1.0132467854684672,1.9431406865008432
45000,0.49467053095354946,1,1,0.3038549663908808,-0.12449461333390933,-0.2722191393015232
65000,1.1917463236819628,1,0,-0.6050376300469793,-0.37194109756857696,-0.2722191393015232
20000,-0.6671224569271395,1,0,0.49733928708015385,-0.2859761957975471,-1.0778045305023836
37000,0.49467053095354946,1,0,-0.5474760446419206,-0.5240392458152879,-0.4736154871017383
18000,-0.6671224569271395,1,0,0.013628485356971231,-0.6149786987048659,-0.4736154871017383
25000,-0.2024052617748639,1,0,0.3038549663908808,-0.33570506968831704,-0.4736154871017383
46000,0.9593877261058251,1,0,-0.4700823163662114,-0.4029696522043368,-0.2722191393015232
55000,1.1917463236819628,1,0,-0.5281276125729933,-0.41037324835067085,1.9431406865008432
40000,0.49467053095354946,1,0,-0.005719946711956073,-0.2427525041387246,-1.0778045305023836
25000,-0.4347638593510017,1,1,-0.2765979956769383,-0.15015764042541574,-0.4736154871017383
25000,-0.4347638593510017,1,0,0.07167378156375315,-0.5242555306465291,-0.2722191393015232
15000,-1.364198249655553,1,0,1.2712765698372461,-0.15015764042541574,-1.0778045305023836
70000,0.9593877261058251,1,0,-0.2765979956769383,-0.15015764042541574,-1.0778045305023836
70000,0.7270291285296873,1,0,3.980057059487069,0.173562521411204,-0.2722191393015232
25000,-3.9201428229930686,1,0,0.21396215099864455,-0.15015764042541574,1.9431406865008432
10000,-1.1318396520794152,1,0,1.2712765698372461,-0.15015764042541574,1.3389516431001978
80000,0.2623119333774117,1,0,-0.04441681084981068,-0.15015764042541574,-1.0778045305023836
25000,0.2623119333774117,1,1,-0.39268858809050217,-0.4579392739290286,1.9431406865008432
35000,0.49467053095354946,1,0,0.6908236077694269,-0.15015764042541574,-0.2722191393015232
25000,0.49467053095354946,1,0,-0.40236280412496583,-0.5089824941019567,0.7347625996995525
26000,-0.4347638593510017,1,0,0.7875657681140634,-0.40310275056202366,-1.0778045305023836
15000,-0.6671224569271395,1,0,0.7875657681140634,-0.33570506968831704,-0.4736154871017383
50000,0.7270291285296873,1,0,0.3425518305287354,-0.07042340552360409,-0.2722191393015232
26500,-0.2024052617748639,1,0,-0.29865520823551545,-0.5353526062186749,-0.4736154871017383
135000,0.7270291285296873,1,0,-0.6113258704693807,-0.15015764042541574,0.9361589474997676
80000,0.49467053095354946,1,0,1.2712765698372461,0.1810659413258033,-0.2722191393015232
30000,0.49467053095354946,1,0,0.0813479975982168,-0.15015764042541574,-1.0778045305023836
90000,0.9593877261058251,1,0,-0.4604081003317477,0.08758098234546326,1.9431406865008432
85000,0.49467053095354946,1,0,0.013628485356971231,0.0537906367877002,-1.0778045305023836
54000,-0.2024052617748639,1,0,-0.3346432918837203,-0.33570506968831704,-0.4736154871017383
42000,1.1917463236819628,1,0,-0.6074561840555952,-0.15015764042541574,-1.0778045305023836
25000,0.0299533358012739,1,0,-0.0831136749876653,-0.5780771790361714,-1.0778045305023836
50000,0.49467053095354946,1,1,-0.39268858809050217,-0.15015764042541574,1.3389516431001978
55000,0.0299533358012739,1,0,-0.4700823163662114,-0.12449461333390933,-0.2722191393015232
35000,0.0299533358012739,1,0,-0.4786730202048151,-0.4523990547903112,-0.4736154871017383
50000,0.9593877261058251,1,0,0.05232534949482584,-0.2832975913490981,-0.2722191393015232
45000,0.2623119333774117,1,0,-0.6113258704693807,-0.268723321182382,-1.0778045305023836
45000,0.49467053095354946,1,0,0.03297691742589853,-0.2427525041387246,-1.0778045305023836
28000,0.2623119333774117,1,1,0.3425518305287354,-0.6475046098646033,-1.0778045305023836
80000,-0.2024052617748639,1,0,0.22646123811517158,-0.15015764042541574,0.9361589474997676
130000,0.49467053095354946,1,0,-0.4313854522283568,-0.15015764042541574,0.3319699040991222
120000,1.1917463236819628,1,0,-0.537801828607457,-0.15015764042541574,-1.0778045305023836
27000,-0.4347638593510017,1,0,-0.3907537448836094,-0.18179345631812202,1.1375552952999828
30000,0.0299533358012739,1,0,0.11037064570160776,-0.15015764042541574,-0.2722191393015232
50000,-0.8994810545032773,1,0,0.7875657681140634,-0.16672006731008002,-0.2722191393015232
45000,0.9593877261058251,1,0,-0.4700823163662114,-0.15015764042541574,-0.2722191393015232
28000,-1.1318396520794152,1,0,-0.09036933701351303,-0.3759174110044733,-0.2722191393015232
6000,-1.8289154448078284,1,1,0.013628485356971231,-0.5242555306465291,-0.2722191393015232
35000,0.49467053095354946,1,0,-0.04441681084981068,-0.05431850424348856,-0.4736154871017383
30000,0.0299533358012739,1,0,-0.2765979956769383,-0.15015764042541574,-0.2722191393015232
15000,-1.5965568472316907,1,0,0.6908236077694269,-0.48361061966789043,-1.0778045305023836
45000,-0.2024052617748639,1,0,0.43929399087337195,-0.0971928127133829,-0.4736154871017383
18000,-2.061274042383966,1,0,-0.45073388429728406,-0.15015764042541574,1.3389516431001978
85000,0.9593877261058251,1,0,-0.3249690758492566,-0.15015764042541574,-1.0778045305023836
30000,0.0299533358012739,1,0,-0.5281276125729933,-0.3759174110044733,-0.2722191393015232
40000,0.9593877261058251,1,0,-0.3249690758492566,-0.15015764042541574,-1.0778045305023836
34000,0.9593877261058251,1,0,-0.17985583533230182,-0.15015764042541574,1.3389516431001978
8000,-2.5259912375362417,1,0,0.3715744786321264,-0.15015764042541574,-0.4736154871017383
70000,0.9593877261058251,1,0,-0.3733401560215749,-0.2427525041387246,-1.0778045305023836
50000,0.49467053095354946,1,0,-0.508779180504066,-0.15015764042541574,-0.2722191393015232
35000,0.2623119333774117,1,0,0.09969031119955989,-0.4264282377466538,-0.2722191393015232
20000,-1.8289154448078284,1,0,0.7875657681140634,-0.15015764042541574,-0.4736154871017383
50000,-0.4347638593510017,1,0,-0.1218105391255199,-0.15015764042541574,-1.0778045305023836
37000,-1.364198249655553,1,0,0.5360361512180085,-0.15015764042541574,-1.0778045305023836
69000,0.9593877261058251,1,0,-0.4313854522283568,-0.15015764042541574,-0.2722191393015232
28000,-0.4347638593510017,1,0,0.30383561795881187,-0.15015764042541574,-0.4736154871017383
25000,-0.6671224569271395,1,0,0.6908236077694269,-0.40310275056202366,-1.0778045305023836
60000,0.9593877261058251,1,0,-0.17985583533230182,-0.0044898065844534195,1.9431406865008432
50000,0.0299533358012739,1,0,-0.2765979956769383,-0.15382616390916107,1.9431406865008432
135000,0.49467053095354946,1,0,-0.5764986927453115,-0.15015764042541574,0.9361589474997676
30000,0.0299533358012739,1,0,0.20711280604624427,-0.5429059380174067,-1.0778045305023836
60000,0.0299533358012739,1,0,0.6521267436315723,-0.03902883040420532,1.9431406865008432
20000,-1.1318396520794152,1,0,-0.35399172395264755,-0.15015764042541574,-1.0778045305023836
80000,1.1917463236819628,1,0,-0.5668244767108479,-0.15015764042541574,-1.0778045305023836
99000,-1.8289154448078284,1,1,0.03297691742589853,-0.15015764042541574,0.9361589474997676
90000,0.9593877261058251,1,0,0.6908236077694269,-0.15015764042541574,1.3389516431001978
20000,-2.061274042383966,1,0,-0.1340000513289441,-0.15015764042541574,-0.4736154871017383
50000,0.7270291285296873,1,0,-0.4971701212627096,-0.33570506968831704,-0.4736154871017383
27000,-2.7583498351123796,1,0,0.2845065343219535,-0.15015764042541574,1.3389516431001978
60000,0.9593877261058251,1,0,-0.35399172395264755,-0.15015764042541574,-0.2722191393015232
12000,-1.5965568472316907,1,1,1.2712765698372461,-0.15015764042541574,-1.0778045305023836
50000,0.0299533358012739,1,0,-0.4700823163662114,-0.1464891169416704,-0.4736154871017383
20000,-0.4347638593510017,1,1,-0.0831136749876653,-0.5353526062186749,-0.4736154871017383
45000,0.9593877261058251,1,0,-0.5281276125729933,-0.38062576540764753,-0.4736154871017383
40000,-0.2024052617748639,1,0,0.6521267436315723,-0.15015764042541574,-0.4736154871017383
45000,0.49467053095354946,1,1,-0.2765979956769383,-0.03902883040420532,1.9431406865008432
25000,0.2623119333774117,1,0,-0.17985583533230182,-0.5242555306465291,-0.2722191393015232
75000,1.1917463236819628,1,0,-0.4913655916420314,-0.17681890519957394,-0.4736154871017383
25000,-1.5965568472316907,1,0,0.6908236077694269,-0.15015764042541574,-0.4736154871017383
25000,-1.8289154448078284,1,1,0.11037064570160776,-0.15015764042541574,-0.4736154871017383
100000,1.1917463236819628,1,0,-0.49910496446960234,0.4279467575403016,-0.4736154871017383
30000,-0.4347638593510017,1,0,-0.04441681084981068,-0.12449461333390933,-0.2722191393015232
25000,-0.8994810545032773,1,0,0.40059712673551734,-0.15015764042541574,-1.0778045305023836
10000,-1.8289154448078284,1,0,0.7875657681140634,-0.15015764042541574,-0.4736154871017383
25000,-1.364198249655553,1,2,0.5940814474247904,-0.15015764042541574,-0.4736154871017383
120000,0.49467053095354946,1,0,6.011642426724436,-0.15015764042541574,0.9361589474997676
42000,0.0299533358012739,1,0,-0.25724956360801104,-0.4718813268967319,-0.2722191393015232
30000,-0.2024052617748639,1,0,0.49733928708015385,-0.5384804176243171,-0.4736154871017383
77000,0.0299533358012739,1,0,0.07167378156375315,0.8440954101431216,-0.2722191393015232
25000,-0.6671224569271395,1,0,0.11037064570160776,-0.16672006731008002,-0.2722191393015232
15000,-1.8289154448078284,1,0,0.11037064570160776,-0.15015764042541574,1.3389516431001978
25000,-0.2024052617748639,1,0,-0.17985583533230182,-0.3683141673216088,-0.4736154871017383
50000,0.9593877261058251,1,0,-0.17985583533230182,-0.3963147343199915,-0.2722191393015232
30000,0.0299533358012739,1,0,-0.17985583533230182,-0.4638122389619633,-0.2722191393015232
125000,1.1917463236819628,1,0,-0.6055213408487026,-0.15015764042541574,1.3389516431001978
35000,-0.6671224569271395,1,0,-0.1218105391255199,-0.15015764042541574,-0.4736154871017383
45000,0.2623119333774117,1,0,0.11037064570160776,-0.057596051301528596,1.1375552952999828
98000,1.1917463236819628,1,0,-0.49910496446960234,0.4279467575403016,-0.4736154871017383
75000,0.7270291285296873,1,0,-0.0831136749876653,-0.15015764042541574,-1.0778045305023836
55000,0.7270291285296873,1,1,-0.2765979956769383,-0.015919628050816405,-1.0778045305023836
25000,-0.2024052617748639,1,0,-0.0831136749876653,-0.15015764042541574,-1.0778045305023836
70000,0.0299533358012739,1,0,-0.42043423967734395,-0.5428393888385633,-0.2722191393015232
24000,-0.6671224569271395,1,0,-0.3346432918837203,-0.15015764042541574,1.1375552952999828
70000,0.9593877261058251,1,0,-0.3346432918837203,-0.15015764042541574,1.3389516431001978
45000,0.7270291285296873,1,0,0.013628485356971231,-0.38052594163938236,-1.0778045305023836
25000,0.2623119333774117,1,0,0.11037064570160776,0.08262306852162604,-0.4736154871017383
170000,1.1917463236819628,1,0,-0.6364788321589863,1.0751375217928782,1.9431406865008432
38000,0.49467053095354946,1,0,0.05232534949482584,-0.4538298621354454,1.9431406865008432
45000,0.2623119333774117,1,0,-0.3733401560215749,-0.07042340552360409,-0.2722191393015232
15000,-1.1318396520794152,1,0,0.22646123811517158,-0.15015764042541574,1.9431406865008432
45000,-0.4347638593510017,1,0,0.7875657681140634,-0.15015764042541574,-0.4736154871017383
22000,0.0299533358012739,1,0,-0.3870968912225822,-0.6475046098646033,-1.0778045305023836
30000,0.2623119333774117,1,1,-0.2765979956769383,-0.5089824941019567,0.7347625996995525
100000,-0.4347638593510017,1,0,-0.1218105391255199,-0.15015764042541574,0.9361589474997676
100000,0.0299533358012739,1,0,-0.29594642774586566,-0.15015764042541574,0.9361589474997676
60000,0.7270291285296873,1,0,-0.11310374469450261,-0.15015764042541574,-1.0778045305023836
100000,0.0299533358012739,1,0,-0.054091026884274335,-0.15015764042541574,0.9361589474997676
40000,0.49467053095354946,1,0,-0.1218105391255199,-0.15015764042541574,-1.0778045305023836
21000,-1.5965568472316907,1,0,1.2712765698372461,-0.15015764042541574,-1.0778045305023836
40000,0.9593877261058251,1,0,-0.35399172395264755,-0.15015764042541574,-0.4736154871017383
25000,-1.5965568472316907,1,0,-0.3180036403044428,-0.5242555306465291,-0.2722191393015232
45000,0.2623119333774117,1,0,-0.19920426740122912,-0.03902883040420532,1.9431406865008432
75000,0.49467053095354946,1,0,-0.45170130590073043,-0.15015764042541574,-1.0778045305023836
45000,0.7270291285296873,1,0,0.03007465261555944,-0.15015764042541574,-0.2722191393015232
35000,0.49467053095354946,1,0,-0.1024621070565926,-0.4715319437078038,-0.2722191393015232
60000,-2.9907084326885176,1,1,-0.5861729087797752,-0.15015764042541574,0.9361589474997676
60000,0.49467053095354946,1,0,0.21523914751519374,-0.0044898065844534195,1.9431406865008432
130000,0.9593877261058251,1,1,0.013628485356971231,-0.15015764042541574,0.9361589474997676
42000,0.7270291285296873,1,0,-0.2804676820907238,-0.2832975913490981,-0.2722191393015232
76000,0.9593877261058251,1,0,-0.21855269947015643,-0.268723321182382,-1.0778045305023836
40000,0.0299533358012739,1,0,0.013628485356971231,-0.15015764042541574,-0.4736154871017383
65000,0.9593877261058251,1,0,-0.5184533965385296,-0.15015764042541574,-0.4736154871017383
20000,-0.2024052617748639,1,0,-0.2765979956769383,-0.5780771790361714,-1.0778045305023836
75000,0.49467053095354946,1,0,0.7295204719072815,0.1810659413258033,-0.2722191393015232
70000,0.9593877261058251,1,0,-0.5281276125729933,0.1810659413258033,-0.2722191393015232
105000,1.1917463236819628,1,0,-0.5474760446419206,-0.15015764042541574,1.3389516431001978
50000,0.7270291285296873,1,0,8.458290872211796e-05,-0.32377612938062816,-0.2722191393015232
120000,0.7270291285296873,1,0,-0.5242772745912768,-0.15015764042541574,0.9361589474997676
25000,-0.6671224569271395,1,0,0.16841594190838968,0.0537906367877002,-1.0778045305023836
30000,0.7270291285296873,1,0,-0.508779180504066,-0.8532913081432697,1.3389516431001978
50000,0.7270291285296873,1,0,-0.4701016647982803,-0.15015764042541574,-0.4736154871017383
25000,-1.5965568472316907,1,0,0.8843079284587,-0.15015764042541574,-0.4736154871017383
50000,0.0299533358012739,1,0,-0.0831136749876653,0.0537906367877002,-1.0778045305023836
35000,0.2623119333774117,1,0,-0.4313854522283568,-0.4571739583723289,-1.0778045305023836
30000,-1.1318396520794152,1,0,-0.3249690758492566,0.0537906367877002,-1.0778045305023836
37000,0.49467053095354946,1,0,0.20711280604624427,-0.15015764042541574,-0.2722191393015232
42000,-0.2024052617748639,1,0,0.07167378156375315,-0.12449461333390933,-0.2722191393015232
119000,0.49467053095354946,1,0,-0.2804676820907238,-0.15015764042541574,0.9361589474997676
300000,-0.6671224569271395,1,0,-0.4313854522283568,8.43880416082091,0.5333662518993373
130000,-4.84957721329762,1,1,-0.4700823163662114,-0.15015764042541574,0.9361589474997676
22000,-1.364198249655553,1,1,0.9810500888033364,-0.15015764042541574,-0.4736154871017383
15000,-1.5965568472316907,1,0,0.6908236077694269,-0.15015764042541574,-0.4736154871017383
160000,0.7270291285296873,1,0,-0.6246956370290094,1.4843151479118466,-0.8764081827021686
185000,0.9593877261058251,1,0,-0.6345439889520935,1.943687492173489,0.9361589474997676
110000,0.0299533358012739,1,0,-0.4298956229590494,2.115001715811247,0.9361589474997676
150000,0.7270291285296873,1,0,-0.2765979956769383,-0.15015764042541574,0.3319699040991222
150000,-4.3848600181453445,1,2,-0.2765979956769383,-0.15015764042541574,0.9361589474997676
45000,-0.6671224569271395,1,0,0.11037064570160776,-0.15015764042541574,-1.0778045305023836
75000,0.9593877261058251,1,0,-0.4313854522283568,0.23586919010338653,-1.0778045305023836
50000,0.7270291285296873,1,0,-0.1411589711944472,-0.3366201208974145,-0.2722191393015232
30000,-0.2024052617748639,1,0,1.135837545354755,-0.15015764042541574,-0.2722191393015232
30000,0.2623119333774117,1,0,-0.4313854522283568,-0.2945943144577742,-1.0778045305023836
22000,-0.6671224569271395,1,0,0.03297691742589853,-0.15015764042541574,-1.0778045305023836
75000,0.2623119333774117,1,0,-0.45073388429728406,0.4362654048957332,-0.4736154871017383
45000,0.7270291285296873,1,0,-0.1605074032633745,-0.4264282377466538,-0.2722191393015232
35000,0.0299533358012739,1,0,8.043227793961803,-0.33570506968831704,-0.4736154871017383
35000,-0.4347638593510017,1,0,-0.1024621070565926,-0.5242555306465291,-0.2722191393015232
25000,0.7270291285296873,1,0,0.20711280604624427,-0.15015764042541574,-1.0778045305023836
70000,0.7270291285296873,1,0,-0.4120370201594295,0.173562521411204,-0.2722191393015232
10000,-2.061274042383966,1,0,0.2651581022530262,-0.15015764042541574,-0.4736154871017383
180000,0.9593877261058251,1,0,-0.5510748530067411,1.1036538449272977,0.9361589474997676
24000,0.0299533358012739,1,0,-0.06376524291873799,-0.6475046098646033,-1.0778045305023836
42000,0.7270291285296873,1,0,-0.17985583533230182,-0.15015764042541574,-0.2722191393015232
26000,-2.7583498351123796,1,1,-0.1218105391255199,-0.15015764042541574,1.3389516431001978
60000,0.9593877261058251,1,0,-0.45073388429728406,-0.15015764042541574,-0.2722191393015232
72000,0.7270291285296873,0,0,-0.5116814453144051,0.0537906367877002,-1.0778045305023836
120000,0.2623119333774117,1,0,-0.4700823163662114,-0.15015764042541574,0.9361589474997676
59000,-2.061274042383966,1,1,0.11037064570160776,-0.15015764042541574,0.9361589474997676
185000,0.2623119333774117,1,1,-0.5668244767108479,1.7890937497201487,0.9361589474997676
140000,0.9593877261058251,1,0,-0.39268858809050217,1.1036538449272977,0.9361589474997676
205000,0.9593877261058251,1,0,-0.5184533965385296,-0.15015764042541574,0.3319699040991222
30000,-0.2024052617748639,1,0,-0.17985583533230182,-0.5822864145980198,-0.4736154871017383
18000,-2.293632639960104,1,0,0.2400051405634207,-0.4479735343972216,1.3389516431001978
35000,-0.6671224569271395,1,0,-0.4313854522283568,-0.15015764042541574,-1.0778045305023836
185000,1.1917463236819628,1,0,-0.5474760446419206,-0.15015764042541574,0.3319699040991222
300000,0.49467053095354946,1,0,-0.47395200277999683,4.628863672033248,0.5333662518993373
30000,0.2623119333774117,1,1,0.2278156283599965,-0.4264282377466538,-0.2722191393015232
35000,-1.1318396520794152,1,0,-0.3830143720560385,-0.15015764042541574,-1.0778045305023836
35000,-1.364198249655553,1,0,0.6908236077694269,-0.15015764042541574,-1.0778045305023836
25000,-1.364198249655553,0,1,1.2712765698372461,-0.15015764042541574,-0.4736154871017383
80000,-0.2024052617748639,0,0,-0.0831136749876653,0.6192257348310952,1.9431406865008432
20000,-2.293632639960104,1,1,1.7936842356982832,-0.15015764042541574,-0.4736154871017383
43000,-0.4347638593510017,1,1,0.5553845832869357,0.4362654048957332,-0.4736154871017383
20000,-0.8994810545032773,1,1,-0.0831136749876653,-0.15015764042541574,-0.4736154871017383
20000,-0.6671224569271395,1,0,-0.4700823163662114,-0.7337523456457179,2.144537034301058
40000,0.2623119333774117,1,0,-0.4700823163662114,-0.4909143920459594,-0.4736154871017383
30000,-0.6671224569271395,1,0,1.0584438170790458,-0.15015764042541574,-0.4736154871017383
21000,-1.1318396520794152,1,0,0.3038549663908808,-0.6475046098646033,-1.0778045305023836
35000,-0.6671224569271395,1,0,-0.3636659399871112,0.04946494016287578,1.9431406865008432
23000,-0.6671224569271395,1,0,0.6134298794937176,-0.40310275056202366,-1.0778045305023836
40000,0.7270291285296873,1,1,0.8843079284587,-0.15015764042541574,-0.4736154871017383
40000,-0.6671224569271395,1,0,-0.4971701212627096,-0.15015764042541574,-0.2722191393015232
45000,0.0299533358012739,1,0,0.11037064570160776,-0.5755150356506985,-1.0778045305023836
60000,0.49467053095354946,1,0,-0.17985583533230182,-0.02234162380920958,-1.0778045305023836
40000,-0.2024052617748639,1,0,0.003954269322507579,0.04946494016287578,1.9431406865008432
42000,0.49467053095354946,1,0,-0.3636659399871112,-0.37738149293902923,-0.4736154871017383
18000,-0.6671224569271395,1,0,-0.1218105391255199,-0.5242555306465291,-0.2722191393015232
15000,-1.8289154448078284,1,0,0.11037064570160776,-0.5856804227190359,1.3389516431001978
45000,-0.2024052617748639,1,0,0.11037064570160776,-0.15015764042541574,-0.4736154871017383
25000,0.49467053095354946,1,0,0.3038549663908808,-0.5768127446381458,1.3389516431001978
70000,0.7270291285296873,1,0,-0.19920426740122912,-0.15015764042541574,-1.0778045305023836
23000,-0.4347638593510017,1,0,0.3038549663908808,-0.6475046098646033,-1.0778045305023836
10000,-2.061274042383966,1,0,0.40059712673551734,-0.4479735343972216,1.3389516431001978
25000,-0.4347638593510017,1,0,0.6908236077694269,-0.15015764042541574,-0.4736154871017383
25000,-0.4347638593510017,1,1,-0.4313854522283568,-0.3759174110044733,-0.2722191393015232
50000,-0.8994810545032773,1,0,0.6908236077694269,0.0537906367877002,-1.0778045305023836
60000,0.2623119333774117,1,1,-0.35399172395264755,-0.1044133986178975,-1.0778045305023836
35000,0.0299533358012739,1,0,0.07167378156375315,-0.15015764042541574,-0.4736154871017383
50000,0.49467053095354946,1,0,1.2712765698372461,-0.5384804176243171,-0.4736154871017383
50000,0.49467053095354946,1,0,0.20711280604624427,-0.2832975913490981,-0.2722191393015232
25500,-0.4347638593510017,1,0,-0.10265559137728188,-0.15015764042541574,-0.4736154871017383
35000,-0.8994810545032773,1,0,-0.4120370201594295,-0.15015764042541574,-0.4736154871017383
20000,-2.061274042383966,1,0,-0.3733401560215749,-0.15015764042541574,-0.4736154871017383
40000,0.49467053095354946,1,0,0.49733928708015385,-0.4520829461908048,-0.2722191393015232
45000,0.7270291285296873,1,0,-0.23790113153908374,-0.2859761957975471,-1.0778045305023836
30000,-1.364198249655553,1,0,-0.286272211711402,-0.15015764042541574,-1.0778045305023836
30000,-0.2024052617748639,1,0,-0.17985583533230182,-0.5353526062186749,-0.4736154871017383
30000,-0.6671224569271395,1,2,0.6908236077694269,-0.15015764042541574,-0.4736154871017383
40000,0.0299533358012739,1,1,0.5940814474247904,-0.15015764042541574,-1.0778045305023836
25000,-0.4347638593510017,1,0,1.0003985208722639,-0.4645276426345304,-0.2722191393015232
45000,0.7270291285296873,1,0,-0.0831136749876653,-0.15015764042541574,-0.2722191393015232
65000,0.2623119333774117,1,0,-0.025068378780883378,0.17129984933052664,-1.0778045305023836
40000,0.2623119333774117,1,0,0.03297691742589853,-0.4520829461908048,-0.2722191393015232
40000,-0.8994810545032773,1,0,0.12971907777053507,-0.15015764042541574,-0.4736154871017383
70000,0.7270291285296873,1,0,-0.1218105391255199,0.025989717325847872,-0.2722191393015232
35000,0.9593877261058251,1,0,-0.3733401560215749,-0.15015764042541574,-0.4736154871017383
35000,0.2623119333774117,1,0,0.019046046336270876,-0.49552292268086845,-0.4736154871017383
15000,-2.293632639960104,1,0,-0.31529485981479294,-0.15015764042541574,-1.0778045305023836
99000,-0.4347638593510017,1,0,-0.1218105391255199,-0.15015764042541574,0.9361589474997676
90000,-0.4347638593510017,1,0,0.11037064570160776,-0.15015764042541574,0.9361589474997676
20000,-0.8994810545032773,1,0,-0.3346432918837203,-0.15015764042541574,-0.4736154871017383
36000,0.49467053095354946,1,0,-0.21855269947015643,-0.2691725281395753,-0.4736154871017383
32000,0.0299533358012739,1,0,-0.0831136749876653,-0.615943661798096,-1.0778045305023836
50000,0.49467053095354946,1,0,-0.5474760446419206,-0.4520829461908048,-0.2722191393015232
50000,0.2623119333774117,1,0,0.2651581022530262,-0.2859761957975471,-1.0778045305023836
60000,0.0299533358012739,1,0,-0.35399172395264755,-0.15015764042541574,-1.0778045305023836
40000,-1.1318396520794152,1,0,0.3038549663908808,-0.15015764042541574,-0.4736154871017383
35000,-0.4347638593510017,1,0,0.49733928708015385,-0.15015764042541574,-0.4736154871017383
175000,0.9593877261058251,1,0,-0.6055213408487026,1.8005235711865115,0.9361589474997676
170000,1.1917463236819628,1,0,-0.6364788321589863,1.6674252134996064,1.540347990900413
165000,1.1917463236819628,1,0,-0.5861729087797752,1.6008760346561537,0.3319699040991222
145000,1.1917463236819628,1,0,-0.6403485185727716,1.301404729860617,-1.0778045305023836
135000,1.1917463236819628,1,0,-0.5842380655728825,1.0851198986193962,0.9361589474997676
135000,0.7270291285296873,1,0,-0.24370566115976192,2.5824764225970798,0.3319699040991222
135000,0.49467053095354946,1,1,-0.3443175079181839,4.3793042513703,-0.07082279150130805
125000,0.2623119333774117,1,0,-0.3733401560215749,1.1350317827519856,0.9361589474997676
120000,0.9593877261058251,1,0,-0.31529485981479294,1.1350317827519856,0.9361589474997676
120000,1.1917463236819628,1,0,-0.45073388429728406,1.0851198986193962,0.9361589474997676
120000,0.9593877261058251,1,0,-0.5474760446419206,1.6008760346561537,0.3319699040991222
115000,0.9593877261058251,1,0,-0.4952352780558169,1.1350317827519856,0.9361589474997676
115000,0.49467053095354946,1,0,-0.5281276125729933,2.6323883067296694,0.3319699040991222
115000,0.9593877261058251,1,0,0.013628485356971231,0.968658835643354,0.7347625996995525
115000,0.7270291285296873,1,0,-0.3346432918837203,1.0851198986193962,0.9361589474997676
111000,0.7270291285296873,1,0,-0.3249690758492566,1.0851198986193962,0.9361589474997676
110000,0.2623119333774117,1,0,-0.025068378780883378,1.0851198986193962,0.9361589474997676
110000,0.7270291285296873,1,0,-0.39268858809050217,1.8005235711865115,0.9361589474997676
110000,0.7270291285296873,1,0,-0.1605074032633745,1.0851198986193962,0.9361589474997676
105000,0.2623119333774117,1,0,-0.559085103883277,1.8005235711865115,0.9361589474997676
105000,0.9593877261058251,1,0,-0.5532805742625988,0.7357367096912699,-1.0778045305023836
105000,-0.2024052617748639,1,0,-0.5300624557798861,1.1350317827519856,0.9361589474997676
105000,0.9593877261058251,1,0,-0.5474760446419206,0.5860010572935015,0.9361589474997676
100000,0.2623119333774117,1,0,0.23613545414963524,1.0851198986193962,0.9361589474997676
95000,0.0299533358012739,1,0,-0.44105966826282045,1.5509641505235643,0.9361589474997676
90000,-0.6671224569271395,1,0,0.11037064570160776,1.5509641505235643,0.9361589474997676
90000,1.1917463236819628,1,0,-0.6384136753658789,0.2199805736545122,-1.0778045305023836
75000,0.9593877261058251,1,0,-0.5281276125729933,-0.029578847008435053,-1.0778045305023836
80000,1.1917463236819628,1,0,-0.6055213408487026,0.08688221596760701,-0.2722191393015232
78000,1.1917463236819628,1,0,-0.5668244767108479,0.03697033183501755,1.9431406865008432
75000,1.1917463236819628,1,0,-0.45073388429728406,0.08688221596760701,-0.2722191393015232
75000,0.7270291285296873,1,0,-0.31529485981479294,0.0036957424132912507,1.9431406865008432
75000,1.1917463236819628,1,0,-0.5958471248142388,0.2199805736545122,-1.0778045305023836
72000,0.9593877261058251,1,0,-0.6538924210210207,0.2199805736545122,-1.0778045305023836
65000,1.1917463236819628,1,0,-0.4352551386421422,-0.0129415522975719,1.3389516431001978
65000,0.7270291285296873,1,0,-0.5668244767108479,-0.12940261527361396,-1.0778045305023836
65000,0.49467053095354946,1,0,-0.20887848343569276,0.635912941426091,-0.2722191393015232
65000,0.2623119333774117,1,0,-0.35399172395264755,-0.05120733013255715,-0.4736154871017383
60000,0.9593877261058251,1,0,-0.3733401560215749,0.08688221596760701,-0.2722191393015232
60000,0.7270291285296873,1,0,-0.3423826647112912,0.2199805736545122,-1.0778045305023836
60000,0.2623119333774117,1,0,-0.04441681084981068,0.635912941426091,-0.2722191393015232
60000,0.9593877261058251,1,0,-0.2765979956769383,-0.029578847008435053,-1.0778045305023836
60000,0.7270291285296873,1,0,-0.1024621070565926,0.03697033183501755,1.9431406865008432
60000,0.9593877261058251,1,0,-0.17985583533230182,0.03697033183501755,1.9431406865008432
60000,0.49467053095354946,1,0,-0.17985583533230182,0.2865297524979648,-1.0778045305023836
60000,0.0299533358012739,1,0,-0.29594642774586566,-0.0129415522975719,1.3389516431001978
55000,0.49467053095354946,1,0,-0.3733401560215749,-0.05120733013255715,-0.4736154871017383
55000,0.7270291285296873,1,0,0.45864242294229923,0.03697033183501755,1.9431406865008432
52000,-0.4347638593510017,1,0,0.20711280604624427,0.20334327894364906,-1.0778045305023836
51000,0.9593877261058251,1,0,-0.19920426740122912,0.20334327894364906,-1.0778045305023836
50000,-0.2024052617748639,1,0,-0.5474760446419206,0.013678119239809142,1.3389516431001978
50000,0.9593877261058251,1,0,-0.06376524291873799,-0.4455112147800138,-0.4736154871017383
50000,0.0299533358012739,1,0,-0.4120370201594295,0.2865297524979648,-1.0778045305023836
50000,0.2623119333774117,1,0,0.20711280604624427,0.2865297524979648,-1.0778045305023836
50000,0.49467053095354946,1,0,-0.508779180504066,0.10351951067847016,1.9431406865008432
48000,1.1917463236819628,1,0,-0.580368379159097,-0.5120603936234664,-0.2722191393015232
48000,1.1917463236819628,1,0,-0.3733401560215749,-0.4954230989126033,1.3389516431001978
48000,0.7270291285296873,1,0,-0.21855269947015643,0.03697033183501755,1.9431406865008432
48000,1.1917463236819628,1,0,-0.4971701212627096,-0.462148509490877,-0.2722191393015232
45000,1.1917463236819628,1,0,-0.5861729087797752,-0.5120603936234664,-0.2722191393015232
45000,-0.2024052617748639,1,0,-0.19920426740122912,0.2199805736545122,-1.0778045305023836
45000,0.49467053095354946,1,0,-0.21855269947015643,0.013678119239809142,1.3389516431001978
45000,0.0299533358012739,1,0,-0.3830143720560385,0.2865297524979648,-1.0778045305023836
45000,-0.4347638593510017,1,0,-0.1411589711944472,0.2199805736545122,-1.0778045305023836
45000,0.9593877261058251,1,0,-0.39268858809050217,-0.462148509490877,-0.4736154871017383
45000,0.9593877261058251,1,0,-0.6538924210210207,-0.462148509490877,-1.681993573903029
45000,0.9593877261058251,1,0,-0.6442182049865571,-0.4455112147800138,-0.4736154871017383
42000,0.49467053095354946,1,0,0.14906750983946238,-0.0129415522975719,1.3389516431001978
42000,0.2623119333774117,1,0,-0.4313854522283568,-0.1460399099844771,-0.2722191393015232
40000,0.7270291285296873,1,0,-0.39268858809050217,-0.462148509490877,-0.4736154871017383
40000,0.0299533358012739,1,0,-0.5571502606763843,0.020333037124154404,1.9431406865008432
40000,0.7270291285296873,1,0,-0.5339321421936715,-0.4455112147800138,-0.4736154871017383
40000,0.49467053095354946,1,0,-0.39849311771118034,-0.29577556238224545,-1.0778045305023836
40000,1.1917463236819628,1,0,-0.6384136753658789,-0.5120603936234664,-1.681993573903029
38000,0.7270291285296873,1,0,0.08328284080510953,-0.16267720469534025,-0.2722191393015232
38000,-0.2024052617748639,1,0,0.7875657681140634,-0.05120733013255715,-0.4736154871017383
35000,-0.2024052617748639,1,0,-0.0831136749876653,0.3863535207631437,-0.2722191393015232
35000,0.9593877261058251,1,0,-0.19920426740122912,-0.41223662535828753,-0.2722191393015232
35000,0.49467053095354946,1,0,-0.29594642774586566,-0.4954230989126033,1.3389516431001978
31000,-0.4347638593510017,1,0,3.4576493936260317,0.3863535207631437,-0.2722191393015232
30000,0.0299533358012739,1,0,0.49733928708015385,-0.5120603936234664,-0.4736154871017383
30000,0.9593877261058251,1,0,0.3038549663908808,-0.5619722777560558,-0.4736154871017383
30000,0.2623119333774117,1,0,-0.0831136749876653,-0.39559933064742436,-0.2722191393015232
27000,0.2623119333774117,1,0,-0.25724956360801104,-0.578609572466919,-1.0778045305023836
25000,-0.8994810545032773,1,1,-0.1605074032633745,-0.1127653205627508,-1.0778045305023836
25000,-0.8994810545032773,1,0,-0.6268046161245225,-0.39559933064742436,1.1375552952999828
25000,-0.4347638593510017,1,0,-0.23790113153908374,-0.4954230989126033,1.3389516431001978
25000,0.2623119333774117,1,0,-0.04441681084981068,-0.5120603936234664,-0.2722191393015232
25000,0.2623119333774117,1,0,-0.31529485981479294,-0.41223662535828753,-0.4736154871017383
20000,-1.5965568472316907,1,0,0.40059712673551734,-0.41223662535828753,-0.4736154871017383
20000,-0.8994810545032773,1,0,0.49733928708015385,-0.1127653205627508,-1.0778045305023836
20000,0.0299533358012739,1,1,-0.17985583533230182,-0.41223662535828753,-1.0778045305023836
20000,-1.1318396520794152,1,1,0.2845065343219535,-0.1127653205627508,-0.4736154871017383
20000,0.2623119333774117,1,1,-0.19920426740122912,-0.27913826767138233,-0.4736154871017383
20000,-0.8994810545032773,1,0,0.3038549663908808,-0.05120733013255715,-0.4736154871017383
18000,0.7270291285296873,1,0,0.013628485356971231,-0.8281689931298664,-1.0778045305023836
17000,-0.8994810545032773,1,0,9.010649397408168,-0.4954230989126033,-1.681993573903029
16000,-0.4347638593510017,1,0,-0.025068378780883378,-0.5120603936234664,-0.2722191393015232
15000,-0.2024052617748639,1,1,0.013628485356971231,-0.41223662535828753,-1.0778045305023836
12000,-1.1318396520794152,1,0,0.3619002625976627,-0.39559933064742436,-0.2722191393015232
10000,-1.364198249655553,1,0,1.1209972979578877,-0.1127653205627508,-1.0778045305023836
